ProKey,ProName,PrimaryServiceCategory,HomeAreaKey,JoinDate,SkillTier,IsBackgroundVerified,IsActive,AvgRating,LifetimeJobs,LanguagesSpoken,OnboardingChannel,ChurnedDate
1,Lokesh Desai,Appliance Repair,5,2025-11-02,Silver,1,1,4.39,18,Kannada|English,Referral by Pro,
2,Shabbir Ahmed,Deep Cleaning,4,2025-11-05,Bronze,1,1,4.02,15,Urdu|Hindi,Field Recruiter,
3,Sanjay Mishra,Plumber,10,2025-07-18,Bronze,1,1,3.95,7,Hindi|English|Kannada,Job Portal,
4,Praveen Naidu,AC Service,5,2024-10-14,Bronze,1,0,4.04,3,Telugu|Kannada|English,Online Signup,2025-02-17
5,Murugan Raman,AC Service,4,2025-06-16,Silver,1,1,4.18,60,Tamil|Kannada,Online Signup,
6,Shivakumar Kumar,Plumber,7,2024-06-03,Bronze,1,1,4.06,26,Kannada|English,Referral by Pro,
7,Sarita Gupta,Pest Control,14,2026-02-19,Platinum,1,1,4.48,152,Hindi|English|Kannada,Job Portal,
8,Selvam Iyer,Appliance Repair,2,2026-04-19,Gold,1,1,4.37,27,Tamil|Kannada,Partner Agency,
9,Bhuvana Pillai,Deep Cleaning,6,2025-09-03,Gold,0,1,4.20,46,Tamil|Kannada,Field Recruiter,
10,Srinu Rao,Appliance Repair,10,2024-11-30,Gold,1,1,4.24,240,Telugu|Kannada,Job Portal,
11,Sanjay Thakur,Plumber,7,2026-05-04,Gold,1,1,4.10,64,Hindi|English,Partner Agency,
12,Naveen Kulkarni,Electrician,5,2024-10-05,Silver,0,1,4.32,8,Kannada|English,Field Recruiter,
13,Shabbir Sait,Plumber,1,2025-03-19,Bronze,1,1,4.18,25,Urdu|Hindi|Kannada|English,Online Signup,
14,Nagaraj Hegde,Painter,1,2024-06-20,Bronze,0,1,3.97,22,Kannada|English,Walk In,
15,Chandra Naidu,Appliance Repair,1,2025-12-27,Silver,1,1,4.26,3,Telugu|Kannada,Field Recruiter,
16,Venkat Chowdary,Carpenter,1,2024-07-05,Platinum,1,1,4.45,260,Telugu|Kannada,Partner Agency,
17,Manoj Thakur,Appliance Repair,6,2026-07-01,Silver,1,1,4.28,1,Hindi|English,Online Signup,
18,Sai Reddy,Carpenter,6,2024-07-31,Gold,1,1,4.29,157,Telugu|Kannada,Referral by Pro,
19,Kiran Desai,Pest Control,5,2024-06-07,Silver,1,1,3.99,79,Kannada|English|Hindi|Tamil,Field Recruiter,
20,Vignesh Pillai,AC Service,2,2026-04-13,Bronze,1,1,3.91,17,Tamil|Kannada|English,Field Recruiter,
21,Manoj Thakur,AC Service,11,2025-10-07,Silver,1,1,4.08,40,Hindi|English|Kannada|Urdu,Field Recruiter,
22,Vikas Yadav,Plumber,15,2025-09-30,Gold,1,1,4.48,153,Hindi|English,Field Recruiter,
23,Rajanna Gouda,AC Service,2,2024-09-25,Silver,0,1,4.39,110,Kannada|English|Hindi,Job Portal,
24,Sowmya Kulkarni,Plumber,10,2026-01-05,Gold,1,1,4.40,83,Kannada|English,Referral by Pro,
25,Jayanthi Achar,Deep Cleaning,1,2025-10-05,Silver,1,0,4.29,15,Kannada|English|Hindi,Field Recruiter,2026-05-31
26,Umesh Achar,Plumber,7,2026-03-19,Silver,1,1,4.21,38,Kannada|English|Hindi|Tamil,Partner Agency,
27,Rohit Singh,Pest Control,9,2026-07-26,Bronze,1,1,3.94,5,Hindi|English,Partner Agency,
28,Harish Rao,Electrician,17,2024-06-30,Gold,1,1,4.25,60,Kannada|English|Hindi|Tamil,Referral by Pro,
29,Dinesh Iyer,Plumber,2,2024-09-13,Bronze,1,1,3.97,67,Tamil|Kannada|English|Telugu,Walk In,
30,Mahadev Swamy,Plumber,10,2024-07-05,Bronze,1,1,3.81,7,Kannada|English|Hindi|Tamil,Online Signup,
31,Altaf Sheikh,Appliance Repair,6,2026-05-08,Gold,1,1,4.41,42,Urdu|Hindi|Kannada,Referral by Pro,
32,Mohammed Baig,Deep Cleaning,10,2024-12-10,Silver,1,1,4.24,119,Urdu|Hindi|Kannada|English,Walk In,
33,Wasim Sait,Deep Cleaning,3,2024-08-06,Gold,1,1,4.28,280,Urdu|Hindi|Kannada,Online Signup,
34,Rajesh Subramanian,Pest Control,5,2025-11-16,Gold,1,1,4.15,51,Tamil|Kannada|English|Telugu,Online Signup,
35,Chandrashekar Achar,Plumber,3,2026-03-06,Bronze,0,1,4.20,11,Kannada|English,Referral by Pro,
36,Sanjay Joshi,Plumber,13,2025-10-27,Bronze,1,1,4.21,37,Hindi|English|Kannada|Urdu,Partner Agency,
37,Venkatesh Hegde,Painter,7,2024-06-18,Silver,1,1,4.37,43,Kannada|English|Hindi|Tamil,Field Recruiter,
38,Srinu Chowdary,Painter,12,2025-02-27,Bronze,1,1,3.90,23,Telugu|Kannada|English,Online Signup,
39,Prabhu Nadar,Appliance Repair,14,2025-04-25,Bronze,0,1,4.02,20,Tamil|Kannada|English,Walk In,
40,Praveen Reddy,Appliance Repair,14,2025-07-10,Silver,1,0,4.18,25,Telugu|Kannada,Field Recruiter,2026-01-26
41,Dinesh Pillai,Carpenter,13,2024-09-05,Bronze,0,1,3.82,22,Tamil|Kannada,Online Signup,
42,Saravanan Krishnan,Electrician,5,2024-08-10,Silver,1,0,4.04,11,Tamil|Kannada,Field Recruiter,2025-11-08
43,Umesh Rao,Pest Control,6,2025-03-03,Silver,1,1,4.24,95,Kannada|English|Hindi|Tamil,Field Recruiter,
44,Srinu Yadav,Electrician,12,2026-03-07,Gold,1,1,4.51,54,Telugu|Kannada,Referral by Pro,
45,Sandeep Pandey,Carpenter,10,2026-06-17,Gold,1,1,4.20,19,Hindi|English|Kannada,Job Portal,
46,Imran Pasha,Painter,2,2026-07-23,Gold,1,1,4.34,8,Urdu|Hindi|Kannada|English,Field Recruiter,
47,Pankaj Singh,Carpenter,10,2025-09-24,Silver,1,1,4.21,26,Hindi|English|Kannada|Urdu,Referral by Pro,
48,Amit Verma,Electrician,2,2026-01-24,Silver,1,1,4.26,2,Hindi|English|Kannada|Urdu,Partner Agency,
49,Wasim Hussain,Pest Control,4,2025-10-19,Platinum,1,0,4.51,125,Urdu|Hindi|Kannada,Referral by Pro,2026-06-29
50,Girish Kulkarni,AC Service,9,2024-08-05,Silver,1,1,4.26,108,Kannada|English|Hindi|Tamil,Job Portal,
51,Ganesh Gowda,Carpenter,12,2026-01-14,Silver,1,1,4.10,14,Kannada|English,Partner Agency,
52,Zareena Ahmed,Deep Cleaning,15,2026-06-11,Silver,1,1,4.36,5,Urdu|Hindi,Field Recruiter,
53,Sridevi Rao,AC Service,16,2024-08-28,Platinum,1,1,4.45,378,Telugu|Kannada,Online Signup,
54,Asif Shariff,Electrician,10,2024-07-01,Silver,1,1,3.99,59,Urdu|Hindi,Field Recruiter,
55,Imran Ansari,Painter,4,2024-12-30,Gold,1,1,4.20,85,Urdu|Hindi|Kannada|English,Partner Agency,
56,Rohit Gupta,Electrician,16,2024-08-26,Gold,1,1,4.30,38,Hindi|English,Online Signup,
57,Chandrashekar Kumar,Appliance Repair,1,2024-11-27,Bronze,0,1,3.85,6,Kannada|English|Hindi,Referral by Pro,
58,Firoz Baig,Deep Cleaning,13,2026-05-19,Silver,1,1,4.28,1,Urdu|Hindi,Field Recruiter,
59,Anil Joshi,Electrician,1,2024-06-10,Silver,1,1,4.17,80,Hindi|English,Walk In,
60,Lokesh Gouda,AC Service,13,2024-10-07,Silver,0,1,4.44,19,Kannada|English|Hindi,Walk In,
61,Praveen Varma,Appliance Repair,10,2024-06-12,Gold,1,0,4.26,77,Telugu|Kannada|English,Walk In,2025-11-03
62,Ilango Natarajan,AC Service,16,2026-04-23,Bronze,1,1,4.05,0,Tamil|Kannada,Field Recruiter,
63,Shivakumar Achar,Carpenter,14,2026-02-03,Gold,1,1,4.43,17,Kannada|English|Hindi,Online Signup,
64,Vinay Gouda,AC Service,4,2025-06-24,Bronze,1,1,4.10,47,Kannada|English,Online Signup,
65,Shivakumar Rao,Plumber,10,2025-02-05,Bronze,1,1,3.66,45,Kannada|English,Field Recruiter,
66,Shankar Hegde,Electrician,9,2026-07-21,Silver,1,1,4.35,6,Kannada|English|Hindi|Tamil,Field Recruiter,
67,Vinay Poojary,Electrician,17,2024-12-09,Bronze,1,0,4.05,0,Kannada|English,Online Signup,2025-06-06
68,Karthik Chettiar,Plumber,2,2026-06-30,Gold,1,1,4.52,18,Tamil|Kannada|English|Telugu,Walk In,
69,Anil Thakur,AC Service,11,2025-11-25,Silver,1,1,4.36,2,Hindi|English|Kannada,Partner Agency,
70,Venkat Rao,Pest Control,5,2026-01-12,Bronze,1,1,3.84,2,Telugu|Kannada|English|Hindi,Field Recruiter,
71,Mahadev Gowda,Deep Cleaning,6,2026-06-13,Silver,1,1,4.09,12,Kannada|English|Hindi,Referral by Pro,
72,Nagendra Reddy,Appliance Repair,1,2026-05-27,Silver,0,1,4.21,15,Telugu|Kannada|English|Hindi,Online Signup,
73,Rakesh Joshi,Plumber,8,2026-06-16,Bronze,1,1,3.96,12,Hindi|English|Kannada|Urdu,Partner Agency,
74,Arun Natarajan,AC Service,6,2024-07-13,Silver,0,1,4.12,28,Tamil|Kannada|English|Telugu,Field Recruiter,
75,Irfan Shariff,AC Service,11,2025-10-19,Platinum,1,1,4.48,220,Urdu|Hindi|Kannada|English,Online Signup,
76,Mallikarjun Murthy,Plumber,4,2025-12-05,Platinum,1,1,4.31,116,Kannada|English|Hindi|Tamil,Online Signup,
77,Selvam Subramanian,Painter,3,2024-07-20,Silver,1,1,4.21,81,Tamil|Kannada|English,Field Recruiter,
78,Ajay Gupta,AC Service,14,2026-02-26,Gold,1,1,4.16,111,Hindi|English,Walk In,
79,Arun Raman,AC Service,3,2024-06-01,Silver,1,1,4.01,55,Tamil|Kannada|English,Job Portal,
80,Vikas Gupta,Pest Control,7,2026-04-12,Silver,1,1,4.25,24,Hindi|English,Field Recruiter,
81,Vikas Chauhan,Carpenter,7,2025-01-13,Platinum,1,1,4.44,450,Hindi|English,Online Signup,
82,Selvam Raman,Plumber,16,2024-12-23,Bronze,1,1,3.76,23,Tamil|Kannada|English|Telugu,Field Recruiter,
83,Dinesh Chettiar,Plumber,19,2026-02-04,Gold,1,1,4.21,52,Tamil|Kannada,Job Portal,
84,Bhaskar Naidu,Painter,20,2025-07-13,Bronze,0,0,4.20,16,Telugu|Kannada|English,Field Recruiter,2026-08-12
85,Umesh Shetty,Appliance Repair,2,2025-09-06,Gold,1,1,4.37,120,Kannada|English|Hindi|Tamil,Field Recruiter,
86,Bala Krishnan,Electrician,6,2026-02-19,Silver,1,1,4.28,4,Tamil|Kannada,Online Signup,
87,Shivakumar Hegde,AC Service,9,2026-05-06,Bronze,1,1,4.03,7,Kannada|English|Hindi|Tamil,Partner Agency,
88,Amit Gupta,Appliance Repair,18,2025-09-29,Platinum,1,1,4.31,94,Hindi|English|Kannada,Online Signup,
89,Meena Krishnan,Deep Cleaning,1,2024-07-18,Bronze,0,1,3.87,31,Tamil|Kannada,Referral by Pro,
90,Srinivas Gouda,Painter,15,2026-01-10,Gold,1,1,4.33,46,Kannada|English,Field Recruiter,
91,Chandra Chowdary,Electrician,5,2025-12-31,Gold,1,1,4.21,89,Telugu|Kannada|English|Hindi,Job Portal,
92,Basavaraj Swamy,Pest Control,5,2026-03-19,Silver,1,1,4.23,55,Kannada|English|Hindi|Tamil,Job Portal,
93,Pankaj Thakur,Pest Control,14,2024-11-16,Bronze,0,0,4.03,4,Hindi|English,Walk In,2025-06-02
94,Bhaskar Rao,Electrician,1,2024-07-31,Bronze,0,1,3.94,28,Telugu|Kannada|English,Job Portal,
95,Anjali Pandey,Deep Cleaning,14,2024-07-14,Silver,1,1,3.92,29,Hindi|English|Kannada|Urdu,Walk In,
96,Nadeem Qureshi,AC Service,3,2026-07-31,Silver,1,1,4.28,3,Urdu|Hindi|Kannada|English,Referral by Pro,
97,Mallikarjun Achar,AC Service,3,2025-08-26,Silver,1,1,4.24,17,Kannada|English|Hindi,Field Recruiter,
98,Sai Chowdary,Plumber,1,2024-06-01,Silver,1,1,4.25,41,Telugu|Kannada|English,Field Recruiter,
99,Harish Rao,Carpenter,5,2026-01-23,Platinum,1,1,4.49,81,Kannada|English,Walk In,
100,Sai Chowdary,Appliance Repair,3,2025-12-30,Silver,1,1,4.26,50,Telugu|Kannada|English|Hindi,Job Portal,
101,Sanjay Verma,Plumber,2,2026-05-19,Silver,1,1,4.10,14,Hindi|English|Kannada|Urdu,Online Signup,
102,Nasreen Sait,Deep Cleaning,14,2024-07-20,Silver,1,1,4.24,79,Urdu|Hindi|Kannada|English,Referral by Pro,
103,Sameer Sheikh,Electrician,16,2025-11-30,Platinum,1,1,4.40,73,Urdu|Hindi|Kannada,Online Signup,
104,Farida Hussain,Appliance Repair,1,2025-09-18,Platinum,1,1,4.43,335,Urdu|Hindi|Kannada,Job Portal,
105,Ravi Gowda,Carpenter,8,2024-09-26,Silver,1,1,4.13,19,Kannada|English,Partner Agency,
106,Rambabu Chowdary,Plumber,7,2026-06-29,Gold,1,1,4.44,40,Telugu|Kannada|English|Hindi,Field Recruiter,
107,Karthik Krishnan,Plumber,20,2024-08-28,Bronze,1,1,3.84,13,Tamil|Kannada|English,Field Recruiter,
108,Bhaskar Prasad,Pest Control,10,2024-10-15,Gold,1,1,4.33,187,Telugu|Kannada|English|Hindi,Online Signup,
109,Arun Raman,Pest Control,13,2025-04-11,Bronze,1,1,4.06,18,Tamil|Kannada|English|Telugu,Referral by Pro,
110,Rohit Joshi,Appliance Repair,6,2026-03-04,Bronze,0,1,4.04,1,Hindi|English|Kannada|Urdu,Field Recruiter,
111,Suresh Gouda,Pest Control,8,2024-10-18,Silver,1,1,4.26,84,Kannada|English,Partner Agency,
112,Asif Sait,Electrician,6,2024-08-18,Platinum,1,1,4.42,251,Urdu|Hindi|Kannada,Field Recruiter,
113,Shivakumar Naik,Electrician,5,2026-06-17,Bronze,0,1,4.16,1,Kannada|English,Job Portal,
114,Girish Achar,Electrician,6,2025-03-18,Silver,1,1,4.02,32,Kannada|English,Partner Agency,
115,Rambabu Rao,Electrician,3,2025-08-22,Silver,1,1,4.15,66,Telugu|Kannada|English,Job Portal,
116,Rekha Shetty,Electrician,17,2026-04-24,Bronze,1,1,4.14,2,Kannada|English|Hindi,Referral by Pro,
117,Manoj Singh,AC Service,3,2026-07-25,Bronze,1,1,4.05,0,Hindi|English|Kannada,Partner Agency,
118,Sridevi Chowdary,Deep Cleaning,15,2025-07-26,Silver,0,1,4.31,44,Telugu|Kannada|English|Hindi,Field Recruiter,
119,Deepak Sharma,Pest Control,2,2024-07-26,Silver,1,1,4.29,46,Hindi|English|Kannada|Urdu,Referral by Pro,
120,Jayanthi Gouda,Deep Cleaning,3,2026-01-27,Bronze,1,0,3.94,4,Kannada|English|Hindi,Referral by Pro,2026-07-11
121,Chandrashekar Hegde,AC Service,15,2025-06-26,Bronze,1,1,3.94,4,Kannada|English|Hindi|Tamil,Referral by Pro,
122,Deepak Thakur,Appliance Repair,7,2025-09-03,Gold,1,1,4.32,82,Hindi|English|Kannada,Walk In,
123,Irfan Baig,Pest Control,10,2025-11-13,Bronze,0,1,4.04,1,Urdu|Hindi|Kannada,Partner Agency,
124,Nagendra Prasad,Appliance Repair,8,2025-05-10,Gold,1,0,4.18,141,Telugu|Kannada|English|Hindi,Job Portal,2026-04-19
125,Rajanna Shetty,Carpenter,5,2025-09-23,Platinum,1,1,4.41,251,Kannada|English,Field Recruiter,
126,Anand Pillai,Carpenter,6,2026-07-09,Bronze,0,1,4.04,1,Tamil|Kannada,Referral by Pro,
127,Shankar Achar,Pest Control,2,2024-10-26,Silver,0,1,4.16,111,Kannada|English|Hindi|Tamil,Referral by Pro,
128,Mallikarjun Shetty,Plumber,14,2025-12-12,Silver,1,1,4.33,23,Kannada|English|Hindi,Online Signup,
129,Srinivas Achar,Plumber,4,2026-07-08,Gold,1,1,4.32,45,Kannada|English|Hindi,Online Signup,
130,Nagaraj Gouda,Electrician,7,2025-12-01,Silver,1,1,4.47,10,Kannada|English|Hindi,Referral by Pro,
131,Naveen Gowda,Painter,6,2026-02-03,Bronze,1,1,4.16,4,Kannada|English|Hindi,Referral by Pro,
132,Ajay Mishra,Electrician,3,2024-06-17,Silver,1,1,4.34,67,Hindi|English|Kannada,Referral by Pro,
133,Nagaraj Gowda,Plumber,3,2025-05-31,Silver,1,1,4.03,71,Kannada|English|Hindi,Field Recruiter,
134,Shankar Kulkarni,Plumber,18,2024-06-27,Silver,1,1,4.16,67,Kannada|English,Field Recruiter,
135,Shankar Naik,Appliance Repair,2,2025-02-22,Platinum,1,0,4.44,176,Kannada|English|Hindi|Tamil,Partner Agency,2026-07-14
136,Rakesh Joshi,Plumber,19,2026-02-06,Silver,1,1,4.21,6,Hindi|English,Walk In,
137,Chandra Reddy,Electrician,3,2025-08-13,Bronze,0,1,3.93,2,Telugu|Kannada|English|Hindi,Partner Agency,
138,Dharmendra Gupta,AC Service,1,2025-11-10,Silver,1,1,4.14,29,Hindi|English|Kannada|Urdu,Walk In,
139,Chandra Prasad,Pest Control,3,2025-12-16,Silver,1,1,4.30,11,Telugu|Kannada,Field Recruiter,
140,Rajesh Chettiar,Painter,6,2024-06-04,Bronze,1,1,3.95,5,Tamil|Kannada|English,Referral by Pro,
141,Nagaraj Achar,Carpenter,13,2024-10-14,Gold,1,1,4.35,126,Kannada|English,Field Recruiter,
142,Suresh Achar,Plumber,7,2024-11-20,Bronze,1,1,4.07,21,Kannada|English|Hindi,Field Recruiter,
143,Sai Prasad,Plumber,2,2024-08-03,Silver,1,1,4.16,80,Telugu|Kannada|English,Online Signup,
144,Bala Iyer,Carpenter,19,2026-01-16,Bronze,0,1,4.03,5,Tamil|Kannada|English|Telugu,Online Signup,
145,Nagendra Reddy,AC Service,16,2024-07-28,Gold,1,1,4.19,91,Telugu|Kannada|English|Hindi,Field Recruiter,
146,Ganesh Murthy,AC Service,12,2026-01-28,Platinum,1,1,4.43,144,Kannada|English|Hindi|Tamil,Partner Agency,
147,Vikas Thakur,Plumber,17,2024-10-28,Bronze,1,1,4.08,38,Hindi|English,Field Recruiter,
148,Vinay Bhat,Electrician,2,2024-09-02,Platinum,1,1,4.37,342,Kannada|English,Job Portal,
149,Venkatesh Gowda,Carpenter,1,2026-03-03,Bronze,0,1,4.03,8,Kannada|English|Hindi,Job Portal,
150,Chandrashekar Rao,Carpenter,1,2024-11-11,Bronze,1,1,3.97,22,Kannada|English,Online Signup,
151,Meera Yadav,Deep Cleaning,6,2025-02-27,Silver,1,0,4.24,15,Hindi|English|Kannada|Urdu,Partner Agency,2026-07-13
152,Ravi Swamy,Deep Cleaning,3,2025-08-03,Silver,1,1,4.08,40,Kannada|English,Referral by Pro,
153,Vignesh Sundaram,Appliance Repair,10,2024-09-03,Silver,1,1,4.29,27,Tamil|Kannada|English|Telugu,Partner Agency,
154,Rajanna Shetty,Carpenter,18,2025-08-10,Bronze,1,1,4.04,3,Kannada|English|Hindi,Field Recruiter,
155,Nagendra Varma,AC Service,10,2024-06-15,Bronze,1,1,4.22,6,Telugu|Kannada,Online Signup,
156,Bhuvana Sundaram,Deep Cleaning,1,2026-06-09,Bronze,1,1,3.85,3,Tamil|Kannada|English,Job Portal,
157,Mallikarjun Rao,AC Service,10,2025-03-10,Bronze,1,1,3.98,44,Kannada|English|Hindi,Walk In,
158,Rajkumar Gupta,Carpenter,14,2024-10-14,Silver,1,1,4.15,26,Hindi|English|Kannada|Urdu,Partner Agency,
159,Basavaraj Gowda,Deep Cleaning,9,2025-07-03,Silver,1,1,4.27,39,Kannada|English,Field Recruiter,
160,Nagendra Reddy,AC Service,7,2024-07-14,Bronze,1,1,4.13,4,Telugu|Kannada,Referral by Pro,
161,Venkatesh Poojary,Pest Control,7,2025-06-23,Bronze,1,0,4.14,6,Kannada|English,Field Recruiter,2026-03-27
162,Aruna Yadav,Painter,15,2024-11-23,Gold,1,1,4.27,62,Telugu|Kannada|English|Hindi,Job Portal,
163,Ilango Sundaram,Plumber,3,2026-02-12,Silver,1,1,4.34,41,Tamil|Kannada|English,Field Recruiter,
164,Vignesh Subramanian,Deep Cleaning,3,2024-12-31,Silver,1,1,4.20,83,Tamil|Kannada,Walk In,
165,Nagendra Reddy,Plumber,9,2024-06-20,Bronze,0,1,3.95,7,Telugu|Kannada|English,Partner Agency,
166,Rajesh Raman,AC Service,3,2025-12-27,Silver,0,1,4.15,98,Tamil|Kannada|English|Telugu,Field Recruiter,
167,Sanjay Yadav,Plumber,3,2024-07-11,Silver,1,1,4.11,23,Hindi|English,Job Portal,
168,Amit Chauhan,Appliance Repair,7,2026-07-12,Bronze,1,1,4.04,4,Hindi|English|Kannada|Urdu,Online Signup,
169,Manjunath Kulkarni,Appliance Repair,6,2025-10-12,Silver,1,1,4.23,25,Kannada|English,Field Recruiter,
170,Yogesh Murthy,AC Service,11,2026-02-10,Platinum,1,1,4.38,232,Kannada|English,Referral by Pro,
171,Sarita Pandey,Deep Cleaning,5,2024-10-29,Gold,1,1,4.38,155,Hindi|English,Referral by Pro,
172,Senthil Sundaram,Electrician,7,2025-10-30,Silver,1,1,3.98,32,Tamil|Kannada|English,Online Signup,
173,Srinivas Achar,Appliance Repair,5,2026-06-07,Silver,1,1,4.43,22,Kannada|English|Hindi,Field Recruiter,
174,Harish Achar,Plumber,14,2026-03-19,Silver,1,1,4.38,42,Kannada|English,Online Signup,
175,Praveen Yadav,Electrician,9,2026-04-19,Gold,0,1,4.21,38,Telugu|Kannada|English|Hindi,Field Recruiter,
176,Kiran Rao,Electrician,11,2026-07-13,Bronze,1,1,4.05,0,Kannada|English,Job Portal,
177,Rajanna Desai,AC Service,2,2026-06-17,Gold,1,1,4.40,34,Kannada|English,Walk In,
178,Manoj Thakur,AC Service,16,2025-04-17,Silver,1,1,4.13,60,Hindi|English|Kannada|Urdu,Field Recruiter,
179,Selvam Velu,AC Service,6,2025-02-14,Gold,1,1,4.41,125,Tamil|Kannada|English|Telugu,Referral by Pro,
180,Naveen Patil,Painter,15,2025-07-05,Silver,1,1,4.26,2,Kannada|English|Hindi|Tamil,Field Recruiter,
181,Firoz Baig,AC Service,8,2025-06-18,Gold,1,1,4.48,96,Urdu|Hindi|Kannada,Field Recruiter,
182,Anand Velu,AC Service,15,2026-06-23,Silver,1,1,4.23,5,Tamil|Kannada,Online Signup,
183,Kiran Patil,Painter,10,2025-05-05,Silver,0,1,4.27,14,Kannada|English,Referral by Pro,
184,Saravanan Pillai,Electrician,13,2024-12-20,Bronze,0,1,3.98,56,Tamil|Kannada,Partner Agency,
185,Asif Shariff,Deep Cleaning,2,2024-09-18,Silver,1,1,4.13,151,Urdu|Hindi|Kannada,Referral by Pro,
186,Nandini Achar,Deep Cleaning,7,2026-04-19,Gold,1,1,4.31,82,Kannada|English|Hindi|Tamil,Referral by Pro,
187,Lakshmi Poojary,Deep Cleaning,1,2025-04-24,Silver,1,0,4.12,19,Kannada|English|Hindi|Tamil,Walk In,2025-12-25
188,Salim Pasha,Deep Cleaning,6,2024-11-01,Gold,0,1,4.34,70,Urdu|Hindi|Kannada,Job Portal,
189,Bhaskar Naidu,Plumber,3,2025-08-10,Silver,1,1,4.25,21,Telugu|Kannada|English|Hindi,Referral by Pro,
190,Bala Iyer,Appliance Repair,14,2025-11-30,Bronze,1,1,4.04,4,Tamil|Kannada|English,Walk In,
191,Venkat Reddy,AC Service,2,2024-08-28,Gold,1,1,4.39,178,Telugu|Kannada,Field Recruiter,
192,Anand Sundaram,Plumber,16,2026-03-12,Bronze,1,1,3.92,17,Tamil|Kannada|English,Online Signup,
193,Manjunath Shetty,Plumber,16,2025-12-23,Bronze,1,1,3.57,5,Kannada|English,Online Signup,
194,Girish Hegde,Carpenter,1,2025-10-27,Gold,1,1,4.60,77,Kannada|English|Hindi|Tamil,Online Signup,
195,Shivakumar Kumar,Pest Control,6,2024-12-26,Platinum,1,1,4.41,213,Kannada|English|Hindi,Referral by Pro,
196,Sunitha Swamy,Deep Cleaning,16,2025-06-12,Silver,1,1,4.32,0,Kannada|English|Hindi|Tamil,Field Recruiter,
197,Bhaskar Yadav,Painter,4,2026-07-01,Gold,1,1,4.26,7,Telugu|Kannada|English|Hindi,Referral by Pro,
198,Ilango Natarajan,Plumber,7,2026-03-01,Silver,1,1,4.33,16,Tamil|Kannada,Online Signup,
199,Vijay Chauhan,Electrician,3,2024-07-31,Gold,1,1,4.52,70,Hindi|English|Kannada,Field Recruiter,
200,Sudhakar Chowdary,Electrician,4,2025-09-16,Bronze,1,1,4.03,12,Telugu|Kannada|English|Hindi,Job Portal,
201,Chandrashekar Swamy,Electrician,7,2025-01-22,Gold,1,1,4.40,286,Kannada|English|Hindi,Walk In,
202,Mahadev Hegde,Appliance Repair,19,2026-03-06,Gold,1,1,4.31,105,Kannada|English|Hindi|Tamil,Field Recruiter,
203,Kiran Naik,Pest Control,5,2024-12-13,Bronze,1,1,4.02,16,Kannada|English,Walk In,
204,Uma Raman,Deep Cleaning,1,2024-09-19,Silver,1,1,4.12,44,Tamil|Kannada|English|Telugu,Online Signup,
205,Javed Baig,Plumber,3,2025-12-12,Bronze,1,1,4.13,6,Urdu|Hindi|Kannada|English,Online Signup,
206,Nagaraj Swamy,Plumber,5,2025-04-04,Silver,0,0,4.24,28,Kannada|English|Hindi|Tamil,Referral by Pro,2025-08-28
207,Kalaivani Chettiar,Deep Cleaning,15,2024-12-30,Silver,1,1,4.01,79,Tamil|Kannada,Online Signup,
208,Mallikarjun Shetty,Appliance Repair,7,2024-10-13,Silver,1,1,4.07,111,Kannada|English|Hindi,Online Signup,
209,Sunil Thakur,AC Service,15,2025-12-07,Bronze,0,1,4.02,21,Hindi|English|Kannada|Urdu,Field Recruiter,
210,Altaf Khan,AC Service,4,2026-05-02,Silver,1,1,4.18,24,Urdu|Hindi|Kannada,Online Signup,
211,Sirisha Chowdary,Pest Control,7,2026-05-08,Gold,1,1,4.37,55,Telugu|Kannada|English|Hindi,Referral by Pro,
212,Manoj Mishra,Painter,8,2026-02-05,Bronze,1,1,3.89,10,Hindi|English|Kannada,Online Signup,
213,Asif Baig,Electrician,5,2025-12-10,Silver,1,1,4.40,18,Urdu|Hindi|Kannada,Partner Agency,
214,Bala Subramanian,Plumber,16,2025-03-01,Bronze,0,1,4.03,10,Tamil|Kannada|English,Online Signup,
215,Nadeem Pasha,Carpenter,2,2024-09-21,Silver,1,1,4.15,97,Urdu|Hindi|Kannada|English,Job Portal,
216,Muthu Raman,Plumber,13,2026-03-22,Silver,1,1,4.07,28,Tamil|Kannada|English|Telugu,Referral by Pro,
217,Praveen Rao,Pest Control,10,2024-10-04,Silver,1,1,4.25,117,Telugu|Kannada|English,Referral by Pro,
218,Basavaraj Patil,Appliance Repair,8,2024-06-03,Bronze,0,1,3.88,20,Kannada|English,Referral by Pro,
219,Chandrashekar Shetty,Carpenter,1,2025-12-11,Silver,1,1,4.07,25,Kannada|English|Hindi|Tamil,Field Recruiter,
220,Javed Ahmed,Appliance Repair,1,2024-06-19,Silver,1,0,4.43,52,Urdu|Hindi|Kannada,Field Recruiter,2025-09-03
221,Rakesh Chauhan,Plumber,19,2024-10-11,Silver,1,0,4.21,49,Hindi|English|Kannada|Urdu,Partner Agency,2025-11-18
222,Shobha Kulkarni,Deep Cleaning,14,2024-09-19,Silver,1,1,4.26,20,Kannada|English,Referral by Pro,
223,Bala Iyer,Pest Control,4,2025-12-31,Silver,1,1,4.11,20,Tamil|Kannada,Job Portal,
224,Kiran Hegde,Electrician,14,2026-03-22,Silver,0,1,4.23,4,Kannada|English,Walk In,
225,Suresh Kulkarni,Plumber,1,2025-05-17,Bronze,1,1,3.82,32,Kannada|English|Hindi|Tamil,Referral by Pro,
226,Rakesh Thakur,AC Service,4,2024-07-19,Silver,1,1,4.08,84,Hindi|English|Kannada|Urdu,Referral by Pro,
227,Prakash Hegde,Pest Control,16,2024-08-24,Bronze,1,1,4.04,2,Kannada|English|Hindi|Tamil,Field Recruiter,
228,Santhosh Naik,Electrician,6,2026-06-16,Bronze,0,1,4.04,2,Kannada|English|Hindi,Partner Agency,
229,Anand Iyer,Carpenter,2,2025-06-22,Silver,1,1,4.10,62,Tamil|Kannada,Online Signup,
230,Meera Thakur,Deep Cleaning,6,2025-08-07,Gold,1,1,4.42,54,Hindi|English|Kannada,Field Recruiter,
231,Pankaj Sharma,Carpenter,15,2026-03-13,Gold,1,1,4.45,27,Hindi|English,Field Recruiter,
232,Uma Iyer,Carpenter,14,2026-03-01,Gold,1,1,4.39,93,Tamil|Kannada|English,Referral by Pro,
233,Srinivas Achar,Appliance Repair,5,2025-12-28,Bronze,0,1,4.16,1,Kannada|English,Field Recruiter,
234,Padma Naik,Pest Control,2,2025-11-28,Silver,1,1,4.09,15,Kannada|English|Hindi|Tamil,Referral by Pro,
235,Vinay Desai,Painter,7,2026-03-08,Platinum,1,1,4.26,67,Kannada|English|Hindi|Tamil,Field Recruiter,
236,Bhagya Swamy,Deep Cleaning,9,2024-10-13,Bronze,1,1,4.14,41,Kannada|English,Field Recruiter,
237,Prakash Kumar,Painter,16,2024-10-26,Silver,1,1,4.16,36,Kannada|English|Hindi|Tamil,Partner Agency,
238,Venkatesh Rao,Deep Cleaning,1,2025-08-06,Bronze,1,1,4.16,9,Kannada|English|Hindi,Referral by Pro,
239,Riyaz Ansari,Plumber,20,2024-10-12,Gold,1,1,4.24,181,Urdu|Hindi|Kannada|English,Online Signup,
240,Nagaraj Desai,Plumber,5,2024-09-13,Silver,1,1,4.10,96,Kannada|English|Hindi|Tamil,Referral by Pro,
241,Ajay Gupta,Appliance Repair,10,2024-09-25,Gold,1,0,4.39,9,Hindi|English|Kannada|Urdu,Walk In,2025-02-14
242,Prakash Patil,Electrician,2,2026-01-04,Silver,1,1,4.08,72,Kannada|English|Hindi|Tamil,Online Signup,
243,Harish Patil,Electrician,3,2024-10-10,Bronze,0,1,3.86,25,Kannada|English|Hindi,Online Signup,
244,Praveen Rao,Plumber,6,2025-09-17,Bronze,1,1,3.94,32,Telugu|Kannada|English,Partner Agency,
245,Rajesh Pillai,Appliance Repair,1,2026-01-26,Silver,1,1,4.42,42,Tamil|Kannada|English|Telugu,Partner Agency,
246,Asif Qureshi,Plumber,12,2024-06-17,Gold,1,1,4.25,165,Urdu|Hindi|Kannada,Referral by Pro,
247,Yogesh Murthy,Electrician,5,2026-06-28,Gold,1,1,4.40,25,Kannada|English|Hindi|Tamil,Referral by Pro,
248,Ilango Pillai,Plumber,9,2024-12-29,Gold,0,1,4.33,185,Tamil|Kannada,Walk In,
249,Praveen Naidu,Plumber,7,2026-07-16,Gold,1,1,4.30,12,Telugu|Kannada|English,Online Signup,
250,Wasim Ansari,Appliance Repair,7,2025-03-27,Bronze,1,1,3.94,26,Urdu|Hindi|Kannada,Online Signup,
251,Nagaraj Gowda,Carpenter,7,2024-07-21,Bronze,0,1,3.88,8,Kannada|English,Field Recruiter,
252,Srinivas Swamy,AC Service,7,2024-06-19,Gold,1,1,4.41,195,Kannada|English|Hindi,Walk In,
253,Nagendra Chowdary,Painter,2,2026-06-01,Bronze,1,1,4.05,0,Telugu|Kannada|English|Hindi,Job Portal,
254,Sameer Ansari,AC Service,7,2025-03-16,Silver,1,1,4.23,103,Urdu|Hindi|Kannada,Field Recruiter,
255,Rambabu Chowdary,Painter,3,2026-03-04,Bronze,0,0,4.22,3,Telugu|Kannada|English,Online Signup,2026-05-27
256,Nandini Kulkarni,Deep Cleaning,5,2026-05-17,Silver,1,1,4.36,13,Kannada|English,Walk In,
257,Aruna Reddy,Deep Cleaning,2,2024-09-13,Silver,1,1,4.21,42,Telugu|Kannada,Walk In,
258,Vignesh Subramanian,Painter,7,2025-08-14,Silver,1,1,4.25,87,Tamil|Kannada|English|Telugu,Field Recruiter,
259,Ravi Gowda,AC Service,5,2024-08-07,Bronze,1,1,4.15,53,Kannada|English|Hindi|Tamil,Online Signup,
260,Basavaraj Patil,Appliance Repair,10,2025-07-31,Silver,0,1,4.21,63,Kannada|English|Hindi,Walk In,
261,Suresh Hegde,AC Service,19,2025-05-19,Silver,1,1,4.11,13,Kannada|English|Hindi|Tamil,Partner Agency,
262,Revathi Natarajan,Deep Cleaning,15,2026-04-17,Silver,1,1,4.31,38,Tamil|Kannada,Partner Agency,
263,Anand Krishnan,Plumber,1,2025-10-05,Bronze,0,1,3.89,26,Tamil|Kannada|English|Telugu,Partner Agency,
264,Girish Swamy,Plumber,13,2025-06-05,Bronze,0,0,4.05,30,Kannada|English|Hindi,Job Portal,2025-12-25
265,Vijaya Patil,Deep Cleaning,5,2025-10-13,Silver,0,1,4.06,30,Kannada|English|Hindi,Referral by Pro,
266,Chandra Rao,Plumber,4,2025-09-29,Silver,1,1,4.27,52,Telugu|Kannada,Referral by Pro,
267,Senthil Raman,AC Service,7,2024-07-05,Silver,1,1,4.11,54,Tamil|Kannada,Field Recruiter,
268,Sunita Pandey,Deep Cleaning,2,2025-03-17,Gold,1,1,4.14,108,Hindi|English,Walk In,
269,Javed Khan,Plumber,9,2024-12-05,Gold,1,1,4.44,51,Urdu|Hindi,Online Signup,
270,Altaf Sait,AC Service,7,2026-07-21,Bronze,1,1,4.05,0,Urdu|Hindi|Kannada,Partner Agency,
271,Suresh Bhat,AC Service,14,2024-11-21,Gold,1,1,4.47,136,Kannada|English|Hindi,Field Recruiter,
272,Selvam Pillai,Pest Control,11,2024-12-02,Gold,1,1,4.37,137,Tamil|Kannada,Field Recruiter,
273,Shabana Sait,Pest Control,1,2024-10-10,Bronze,0,1,4.01,41,Urdu|Hindi|Kannada|English,Referral by Pro,
274,Nagendra Naidu,AC Service,2,2024-09-11,Bronze,1,1,3.83,10,Telugu|Kannada,Online Signup,
275,Srinivas Rao,Appliance Repair,8,2024-12-21,Silver,0,1,4.22,92,Kannada|English,Field Recruiter,
276,Ramakrishna Prasad,Carpenter,2,2025-09-11,Gold,1,1,4.22,83,Telugu|Kannada|English|Hindi,Field Recruiter,
277,Rambabu Yadav,AC Service,2,2024-10-17,Gold,1,1,4.34,252,Telugu|Kannada,Partner Agency,
278,Chandra Naidu,Electrician,6,2026-03-03,Platinum,1,1,4.54,58,Telugu|Kannada,Walk In,
279,Suresh Desai,AC Service,6,2024-10-18,Gold,0,1,4.31,204,Kannada|English,Job Portal,
280,Jayanthi Rao,Deep Cleaning,10,2024-12-07,Gold,1,0,4.49,2,Kannada|English|Hindi|Tamil,Partner Agency,2025-02-28
281,Amit Singh,AC Service,12,2024-12-22,Silver,1,1,4.03,69,Hindi|English|Kannada|Urdu,Partner Agency,
282,Shivakumar Rao,Plumber,7,2026-01-21,Gold,1,1,4.34,113,Kannada|English,Referral by Pro,
283,Lokesh Achar,Painter,6,2024-07-06,Gold,1,1,4.36,194,Kannada|English|Hindi,Job Portal,
284,Altaf Baig,AC Service,15,2025-04-14,Bronze,1,1,4.04,5,Urdu|Hindi,Referral by Pro,
285,Shivakumar Kulkarni,AC Service,14,2026-06-28,Bronze,1,1,4.05,1,Kannada|English,Referral by Pro,
286,Srinu Rao,Electrician,1,2024-06-11,Silver,1,1,4.23,30,Telugu|Kannada|English|Hindi,Online Signup,
287,Manoj Mishra,Appliance Repair,4,2026-04-16,Gold,1,1,4.33,50,Hindi|English,Field Recruiter,
288,Suresh Poojary,Plumber,3,2025-10-12,Gold,1,1,4.31,59,Kannada|English|Hindi,Walk In,
289,Nadeem Ansari,AC Service,16,2025-04-03,Bronze,1,1,4.09,28,Urdu|Hindi,Referral by Pro,
290,Murugan Nadar,AC Service,5,2026-06-16,Silver,0,1,4.28,3,Tamil|Kannada,Online Signup,
291,Umesh Kulkarni,Carpenter,7,2026-05-29,Gold,1,1,4.36,31,Kannada|English|Hindi|Tamil,Walk In,
292,Santhosh Kulkarni,AC Service,7,2024-12-19,Silver,1,1,4.13,119,Kannada|English|Hindi|Tamil,Partner Agency,
293,Nagaraj Gowda,Electrician,15,2026-03-07,Gold,1,1,4.32,44,Kannada|English|Hindi|Tamil,Online Signup,
294,Bhuvana Nadar,Pest Control,2,2025-05-11,Gold,1,0,4.32,35,Tamil|Kannada|English,Field Recruiter,2025-07-14
295,Sirisha Reddy,Carpenter,3,2026-05-31,Bronze,1,1,3.84,3,Telugu|Kannada|English|Hindi,Referral by Pro,
296,Sowmya Desai,Appliance Repair,12,2025-10-26,Gold,1,1,4.53,46,Kannada|English|Hindi,Job Portal,
297,Prabhu Krishnan,Appliance Repair,18,2025-02-17,Gold,1,1,4.26,42,Tamil|Kannada|English|Telugu,Field Recruiter,
298,Umesh Bhat,Pest Control,10,2025-10-21,Bronze,1,1,4.02,16,Kannada|English|Hindi,Online Signup,
299,Vikas Singh,Electrician,3,2024-07-10,Gold,0,1,4.32,136,Hindi|English|Kannada,Job Portal,
300,Nandini Gouda,Appliance Repair,14,2025-12-18,Bronze,1,0,4.09,9,Kannada|English|Hindi|Tamil,Job Portal,2026-07-07
301,Vasavi Chowdary,Deep Cleaning,1,2026-06-04,Silver,1,1,4.25,9,Telugu|Kannada|English|Hindi,Partner Agency,
302,Kiran Verma,Deep Cleaning,2,2024-06-24,Bronze,1,1,4.05,3,Hindi|English|Kannada,Job Portal,
303,Bhaskar Naidu,Plumber,8,2024-07-11,Bronze,1,0,4.05,0,Telugu|Kannada,Walk In,2024-09-29
304,Mahadev Hegde,Carpenter,4,2026-06-12,Gold,1,1,4.60,18,Kannada|English,Referral by Pro,
305,Sirisha Chowdary,Carpenter,16,2025-09-10,Gold,1,1,4.26,51,Telugu|Kannada|English,Referral by Pro,
306,Ajay Gupta,AC Service,6,2025-04-21,Silver,1,0,4.46,4,Hindi|English,Referral by Pro,2026-01-14
307,Venkat Chowdary,Plumber,6,2026-07-05,Bronze,1,1,4.04,3,Telugu|Kannada,Partner Agency,
308,Mallikarjun Hegde,Appliance Repair,7,2024-08-01,Bronze,1,1,3.91,14,Kannada|English|Hindi,Referral by Pro,
309,Sunil Joshi,Pest Control,4,2024-09-20,Silver,1,1,4.41,53,Hindi|English|Kannada|Urdu,Field Recruiter,
310,Ramesh Shetty,Carpenter,1,2025-10-10,Silver,1,1,4.34,27,Kannada|English|Hindi,Field Recruiter,
311,Rambabu Reddy,Appliance Repair,9,2024-11-27,Platinum,1,1,4.43,231,Telugu|Kannada|English,Online Signup,
312,Sarita Joshi,Appliance Repair,10,2024-11-14,Platinum,1,1,4.30,290,Hindi|English|Kannada|Urdu,Partner Agency,
313,Nandini Gouda,Plumber,8,2025-06-07,Platinum,1,1,4.41,306,Kannada|English|Hindi|Tamil,Partner Agency,
314,Arun Nadar,AC Service,17,2024-06-18,Bronze,0,1,3.82,32,Tamil|Kannada|English|Telugu,Online Signup,
315,Shobha Gowda,Deep Cleaning,1,2024-11-01,Platinum,1,1,4.28,180,Kannada|English,Walk In,
316,Suresh Poojary,Carpenter,12,2026-06-18,Bronze,0,1,4.14,5,Kannada|English,Job Portal,
317,Manoj Gupta,Painter,3,2024-09-26,Silver,1,1,4.28,47,Hindi|English|Kannada,Referral by Pro,
318,Vasavi Yadav,Deep Cleaning,9,2026-01-05,Platinum,1,1,4.45,84,Telugu|Kannada|English,Referral by Pro,
319,Vijay Chauhan,Plumber,9,2026-03-30,Bronze,1,1,3.95,7,Hindi|English|Kannada|Urdu,Field Recruiter,
320,Irfan Ahmed,Appliance Repair,5,2025-07-18,Bronze,0,1,3.92,19,Urdu|Hindi,Referral by Pro,
321,Sirisha Prasad,Deep Cleaning,12,2025-09-27,Silver,1,1,4.18,24,Telugu|Kannada|English,Referral by Pro,
322,Prabhu Chettiar,Plumber,6,2025-10-29,Silver,1,1,3.96,45,Tamil|Kannada,Referral by Pro,
323,Shobha Patil,Deep Cleaning,14,2024-06-21,Bronze,0,1,3.89,43,Kannada|English,Referral by Pro,
324,Swapna Yadav,Deep Cleaning,2,2025-09-04,Gold,1,0,4.31,120,Telugu|Kannada,Online Signup,2026-01-30
325,Padma Gouda,Deep Cleaning,7,2024-12-27,Bronze,1,0,4.24,4,Kannada|English,Job Portal,2025-10-02
326,Rekha Shetty,Deep Cleaning,1,2024-11-05,Gold,1,1,4.38,263,Kannada|English|Hindi,Field Recruiter,
327,Sathish Pillai,Electrician,6,2026-03-25,Silver,1,1,4.21,13,Tamil|Kannada|English,Partner Agency,
328,Vikas Joshi,Appliance Repair,9,2026-06-04,Silver,1,1,4.16,4,Hindi|English|Kannada,Field Recruiter,
329,Arun Krishnan,Appliance Repair,1,2025-08-05,Bronze,0,1,4.05,28,Tamil|Kannada,Field Recruiter,
330,Jayanthi Gouda,Deep Cleaning,7,2025-01-01,Bronze,1,1,4.10,29,Kannada|English,Referral by Pro,
331,Madhavi Naidu,Deep Cleaning,4,2025-05-22,Silver,1,1,4.16,10,Telugu|Kannada,Referral by Pro,
332,Amit Gupta,Pest Control,2,2025-09-23,Silver,1,1,4.42,77,Hindi|English,Job Portal,
333,Geetha Gowda,Deep Cleaning,11,2025-08-06,Silver,1,1,4.44,8,Kannada|English|Hindi,Referral by Pro,
334,Rajesh Raman,Electrician,3,2026-03-25,Bronze,1,1,4.05,1,Tamil|Kannada|English|Telugu,Referral by Pro,
335,Rohit Gupta,Plumber,6,2025-09-23,Silver,1,1,4.33,9,Hindi|English|Kannada|Urdu,Walk In,
336,Sunitha Gouda,Deep Cleaning,2,2025-07-20,Silver,0,1,4.04,15,Kannada|English|Hindi,Referral by Pro,
337,Chandrashekar Naik,Plumber,4,2025-07-06,Bronze,1,1,4.08,54,Kannada|English,Partner Agency,
338,Praveen Naidu,Appliance Repair,10,2025-11-15,Bronze,1,1,3.71,16,Telugu|Kannada,Online Signup,
339,Ayesha Hussain,Deep Cleaning,3,2024-09-13,Gold,1,1,4.23,169,Urdu|Hindi|Kannada,Partner Agency,
340,Prakash Naik,Pest Control,3,2024-07-09,Bronze,0,1,3.90,11,Kannada|English,Online Signup,
341,Praveen Prasad,AC Service,5,2024-12-28,Bronze,1,1,3.79,30,Telugu|Kannada|English,Referral by Pro,
342,Bhaskar Chowdary,Painter,4,2026-05-04,Gold,1,1,4.67,13,Telugu|Kannada,Field Recruiter,
343,Yogesh Swamy,Painter,6,2025-07-27,Silver,1,1,4.08,33,Kannada|English,Online Signup,
344,Sirisha Rao,Deep Cleaning,17,2024-10-03,Bronze,1,1,4.16,2,Telugu|Kannada,Partner Agency,
345,Mahadev Kulkarni,Electrician,11,2026-04-10,Silver,1,1,4.28,17,Kannada|English|Hindi,Job Portal,
346,Deepak Yadav,AC Service,8,2026-06-16,Bronze,0,1,4.04,1,Hindi|English|Kannada,Online Signup,
347,Meera Thakur,Pest Control,4,2025-06-08,Gold,1,0,4.26,70,Hindi|English,Job Portal,2026-04-13
348,Senthil Subramanian,Electrician,7,2024-08-05,Silver,1,1,4.12,57,Tamil|Kannada|English|Telugu,Job Portal,
349,Praveen Chowdary,AC Service,17,2024-07-15,Bronze,1,1,3.89,41,Telugu|Kannada|English|Hindi,Online Signup,
350,Nasreen Hussain,Deep Cleaning,13,2024-12-31,Silver,1,1,4.09,71,Urdu|Hindi|Kannada,Job Portal,
351,Manoj Pandey,Painter,7,2025-04-05,Gold,1,1,4.40,156,Hindi|English|Kannada|Urdu,Referral by Pro,
352,Saravanan Krishnan,Electrician,13,2026-06-11,Bronze,1,1,4.04,3,Tamil|Kannada|English|Telugu,Field Recruiter,
353,Aruna Yadav,Deep Cleaning,1,2024-11-18,Bronze,1,1,3.99,47,Telugu|Kannada|English,Field Recruiter,
354,Vinay Hegde,Appliance Repair,7,2024-07-24,Silver,1,1,4.21,12,Kannada|English|Hindi|Tamil,Online Signup,
355,Harish Hegde,Plumber,1,2025-06-24,Silver,1,1,4.30,13,Kannada|English,Field Recruiter,
356,Kiran Swamy,AC Service,16,2024-12-15,Bronze,1,1,4.14,2,Kannada|English,Field Recruiter,
357,Asif Khan,Appliance Repair,16,2025-08-30,Bronze,1,1,3.60,21,Urdu|Hindi|Kannada|English,Job Portal,
358,Ganesh Kumar,Carpenter,5,2026-02-17,Silver,1,1,3.96,8,Kannada|English,Online Signup,
359,Vignesh Velu,AC Service,4,2025-04-09,Gold,1,0,4.38,172,Tamil|Kannada|English,Referral by Pro,2026-06-14
360,Prakash Desai,Plumber,6,2026-02-22,Platinum,1,1,4.32,151,Kannada|English,Field Recruiter,
361,Venkatesh Hegde,Plumber,5,2026-01-02,Bronze,1,1,3.77,19,Kannada|English,Walk In,
362,Nadeem Hussain,Appliance Repair,6,2024-08-26,Silver,1,1,4.20,59,Urdu|Hindi,Job Portal,
363,Wasim Qureshi,Deep Cleaning,14,2025-09-05,Silver,1,1,4.06,27,Urdu|Hindi|Kannada|English,Referral by Pro,
364,Basavaraj Kulkarni,Painter,5,2026-07-08,Bronze,1,1,3.94,3,Kannada|English|Hindi|Tamil,Referral by Pro,
365,Venkatesh Kulkarni,Carpenter,7,2024-11-28,Silver,1,1,4.15,66,Kannada|English,Walk In,
366,Salim Ansari,AC Service,7,2026-06-02,Platinum,1,1,4.25,111,Urdu|Hindi,Field Recruiter,
367,Girish Swamy,AC Service,14,2024-10-10,Silver,1,1,4.25,37,Kannada|English|Hindi|Tamil,Field Recruiter,
368,Chandrashekar Achar,Electrician,5,2024-07-29,Bronze,1,1,4.02,19,Kannada|English|Hindi,Job Portal,
369,Mahadev Achar,Appliance Repair,4,2024-09-08,Silver,1,1,4.18,15,Kannada|English,Referral by Pro,
370,Basavaraj Gowda,Carpenter,13,2024-10-24,Silver,1,1,4.11,90,Kannada|English,Online Signup,
371,Geetha Naik,Deep Cleaning,13,2024-08-20,Silver,1,1,4.26,31,Kannada|English,Referral by Pro,
372,Sowmya Rao,Deep Cleaning,1,2024-08-13,Bronze,0,1,3.95,12,Kannada|English|Hindi,Referral by Pro,
373,Rambabu Chowdary,Electrician,11,2025-01-18,Bronze,1,1,4.04,3,Telugu|Kannada|English|Hindi,Online Signup,
374,Manoj Sharma,Painter,12,2025-08-02,Gold,1,1,4.24,104,Hindi|English|Kannada|Urdu,Job Portal,
375,Manjunath Achar,Deep Cleaning,1,2024-12-31,Gold,1,1,4.19,192,Kannada|English|Hindi|Tamil,Referral by Pro,
376,Venkat Naidu,Plumber,2,2025-01-08,Silver,1,0,3.94,81,Telugu|Kannada|English,Job Portal,2025-11-05
377,Asif Sait,Electrician,9,2024-11-27,Bronze,0,1,4.03,54,Urdu|Hindi,Field Recruiter,
378,Yogesh Patil,Pest Control,3,2024-12-10,Platinum,1,1,4.40,255,Kannada|English,Partner Agency,
379,Chandrashekar Patil,Carpenter,1,2024-09-27,Silver,1,1,4.40,38,Kannada|English,Walk In,
380,Sunil Yadav,Appliance Repair,15,2024-07-19,Bronze,1,1,3.96,14,Hindi|English|Kannada,Field Recruiter,
381,Kiran Kumar,Plumber,14,2024-12-01,Gold,1,1,4.24,130,Kannada|English|Hindi,Walk In,
382,Suresh Bhat,Pest Control,3,2026-07-20,Gold,1,1,4.56,8,Kannada|English|Hindi,Partner Agency,
383,Girish Desai,Pest Control,13,2024-10-29,Gold,1,1,4.12,199,Kannada|English,Job Portal,
384,Rambabu Rao,Pest Control,7,2025-06-13,Silver,1,1,4.16,44,Telugu|Kannada|English,Field Recruiter,
385,Roopa Hegde,Deep Cleaning,4,2025-11-21,Platinum,1,1,4.33,228,Kannada|English,Field Recruiter,
386,Rafiq Baig,Pest Control,4,2026-07-16,Silver,1,1,4.24,9,Urdu|Hindi|Kannada|English,Referral by Pro,
387,Uma Iyer,Deep Cleaning,1,2025-05-16,Gold,1,1,4.50,168,Tamil|Kannada,Referral by Pro,
388,Mohammed Hussain,Electrician,5,2024-12-20,Bronze,1,1,3.74,58,Urdu|Hindi|Kannada,Field Recruiter,
389,Pankaj Singh,AC Service,6,2026-07-01,Silver,1,1,4.46,5,Hindi|English|Kannada,Field Recruiter,
390,Umesh Gowda,Plumber,1,2026-04-27,Silver,1,1,4.26,3,Kannada|English|Hindi,Online Signup,
391,Lokesh Bhat,Electrician,16,2025-05-09,Bronze,1,1,3.86,15,Kannada|English|Hindi,Referral by Pro,
392,Manoj Chauhan,Electrician,6,2024-11-12,Bronze,1,1,4.03,6,Hindi|English|Kannada|Urdu,Field Recruiter,
393,Ramakrishna Rao,Plumber,1,2024-09-11,Bronze,0,1,3.85,26,Telugu|Kannada|English|Hindi,Field Recruiter,
394,Manjunath Poojary,Electrician,6,2026-03-11,Bronze,1,1,4.16,1,Kannada|English,Field Recruiter,
395,Lokesh Poojary,Deep Cleaning,3,2024-10-10,Bronze,1,1,4.03,10,Kannada|English,Online Signup,
396,Muthu Chettiar,AC Service,4,2026-07-15,Gold,1,1,4.57,17,Tamil|Kannada|English|Telugu,Partner Agency,
397,Prabhu Chettiar,Appliance Repair,16,2025-07-26,Gold,1,1,4.33,116,Tamil|Kannada,Field Recruiter,
398,Sai Reddy,Carpenter,7,2025-01-25,Silver,1,1,4.14,33,Telugu|Kannada|English,Field Recruiter,
399,Sameer Khan,Appliance Repair,9,2024-12-24,Bronze,1,0,3.97,14,Urdu|Hindi|Kannada|English,Online Signup,2026-04-12
400,Sandeep Verma,Appliance Repair,7,2025-10-17,Gold,1,1,4.33,99,Hindi|English|Kannada|Urdu,Walk In,
401,Rajanna Swamy,Electrician,5,2026-02-05,Platinum,1,0,4.29,78,Kannada|English|Hindi|Tamil,Referral by Pro,2026-08-11
402,Umesh Desai,Painter,5,2026-05-13,Bronze,1,1,4.05,2,Kannada|English|Hindi|Tamil,Field Recruiter,
403,Nadeem Baig,Appliance Repair,10,2025-07-01,Bronze,1,1,3.96,13,Urdu|Hindi,Referral by Pro,
404,Chandra Prasad,Painter,3,2024-07-03,Silver,1,0,4.32,0,Telugu|Kannada,Walk In,2024-11-05
405,Venkat Rao,AC Service,1,2024-10-07,Gold,1,0,4.38,122,Telugu|Kannada,Field Recruiter,2025-12-02
406,Nandini Gowda,Deep Cleaning,1,2026-07-15,Bronze,1,1,4.05,1,Kannada|English|Hindi,Job Portal,
407,Arun Krishnan,Plumber,2,2024-10-29,Platinum,1,1,4.37,472,Tamil|Kannada|English,Referral by Pro,
408,Ravi Rao,Pest Control,9,2024-11-17,Silver,0,1,3.95,73,Kannada|English|Hindi,Referral by Pro,
409,Shabana Ahmed,Deep Cleaning,7,2026-05-13,Silver,1,0,4.50,14,Urdu|Hindi|Kannada|English,Online Signup,2026-08-18
410,Selvam Krishnan,Electrician,4,2025-09-20,Bronze,0,1,3.98,27,Tamil|Kannada,Online Signup,
411,Yogesh Poojary,Appliance Repair,6,2025-01-13,Gold,1,1,4.21,120,Kannada|English,Referral by Pro,
412,Bhaskar Chowdary,Plumber,2,2026-03-03,Silver,1,1,4.30,6,Telugu|Kannada|English,Partner Agency,
413,Srinu Chowdary,AC Service,2,2025-04-24,Gold,1,1,4.31,117,Telugu|Kannada|English,Walk In,
414,Anand Natarajan,Painter,15,2024-06-16,Silver,1,1,4.24,34,Tamil|Kannada|English,Job Portal,
415,Srinu Varma,AC Service,2,2025-12-23,Platinum,1,1,4.44,257,Telugu|Kannada|English,Field Recruiter,
416,Dharmendra Verma,AC Service,14,2025-03-05,Bronze,1,1,3.69,25,Hindi|English|Kannada|Urdu,Field Recruiter,
417,Ilango Iyer,Pest Control,3,2026-03-17,Bronze,0,1,4.03,11,Tamil|Kannada|English|Telugu,Referral by Pro,
418,Jayanthi Hegde,Carpenter,4,2026-05-07,Silver,0,1,4.28,30,Kannada|English|Hindi,Online Signup,
419,Venkatesh Kumar,Painter,9,2024-08-22,Silver,1,1,4.31,36,Kannada|English|Hindi,Field Recruiter,
420,Shobha Hegde,Appliance Repair,19,2026-05-10,Bronze,0,1,4.13,5,Kannada|English,Online Signup,
421,Mallikarjun Desai,AC Service,7,2025-05-14,Gold,1,1,4.26,99,Kannada|English|Hindi|Tamil,Field Recruiter,
422,Shivakumar Shetty,Electrician,3,2024-12-10,Bronze,1,1,4.03,9,Kannada|English,Referral by Pro,
423,Vijay Thakur,Plumber,2,2024-12-31,Silver,1,1,4.08,13,Hindi|English,Referral by Pro,
424,Muthu Nadar,AC Service,2,2025-06-04,Bronze,1,1,3.80,8,Tamil|Kannada|English,Field Recruiter,
425,Senthil Velu,Plumber,11,2026-03-01,Bronze,1,1,3.77,15,Tamil|Kannada|English,Field Recruiter,
426,Murugan Velu,AC Service,1,2025-04-07,Platinum,1,1,4.37,400,Tamil|Kannada|English,Referral by Pro,
427,Sandeep Chauhan,AC Service,11,2024-10-10,Silver,1,1,4.10,138,Hindi|English|Kannada,Job Portal,
428,Vignesh Raman,AC Service,14,2024-10-08,Silver,1,1,4.21,29,Tamil|Kannada|English|Telugu,Online Signup,
429,Yogesh Hegde,Carpenter,13,2024-06-24,Silver,0,1,4.47,12,Kannada|English|Hindi,Online Signup,
430,Suresh Achar,Deep Cleaning,4,2025-01-29,Silver,1,1,4.37,24,Kannada|English|Hindi,Partner Agency,
431,Kiran Achar,AC Service,17,2025-03-08,Platinum,1,1,4.33,284,Kannada|English|Hindi,Field Recruiter,
432,Nandini Achar,Deep Cleaning,3,2024-07-30,Silver,1,1,4.12,78,Kannada|English|Hindi|Tamil,Online Signup,
433,Bala Pillai,Plumber,1,2026-04-19,Platinum,1,1,4.49,175,Tamil|Kannada,Field Recruiter,
434,Manoj Thakur,Plumber,3,2024-08-11,Bronze,0,1,4.08,17,Hindi|English|Kannada|Urdu,Field Recruiter,
435,Srinu Chowdary,AC Service,3,2024-10-28,Silver,1,1,4.40,17,Telugu|Kannada|English,Walk In,
436,Yogesh Naik,Electrician,14,2025-09-16,Silver,0,1,4.30,21,Kannada|English,Field Recruiter,
437,Ayesha Hussain,Pest Control,2,2025-07-10,Silver,1,1,4.11,7,Urdu|Hindi|Kannada,Referral by Pro,
438,Arun Pillai,Appliance Repair,4,2026-01-30,Silver,1,1,4.11,10,Tamil|Kannada|English|Telugu,Field Recruiter,
439,Saravanan Chettiar,AC Service,6,2025-11-18,Bronze,0,1,3.85,5,Tamil|Kannada,Field Recruiter,
440,Poonam Gupta,Deep Cleaning,10,2024-10-16,Silver,1,1,4.07,27,Hindi|English|Kannada,Referral by Pro,
441,Shivakumar Murthy,Appliance Repair,3,2024-08-25,Silver,1,1,4.17,95,Kannada|English|Hindi|Tamil,Partner Agency,
442,Rambabu Yadav,Painter,14,2024-09-20,Platinum,1,1,4.47,275,Telugu|Kannada|English|Hindi,Online Signup,
443,Anand Velu,Electrician,12,2025-11-18,Gold,1,1,4.51,68,Tamil|Kannada,Referral by Pro,
444,Vijay Singh,Electrician,6,2025-08-25,Gold,1,1,4.27,64,Hindi|English|Kannada|Urdu,Online Signup,
445,Nasreen Sheikh,Deep Cleaning,11,2024-11-30,Silver,1,1,4.10,43,Urdu|Hindi,Online Signup,
446,Ramakrishna Varma,AC Service,12,2026-01-21,Silver,1,1,4.14,88,Telugu|Kannada|English,Partner Agency,
447,Anand Nadar,Electrician,3,2024-09-18,Platinum,1,1,4.43,338,Tamil|Kannada,Field Recruiter,
448,Rambabu Rao,AC Service,4,2026-06-23,Bronze,1,1,4.05,0,Telugu|Kannada|English,Field Recruiter,
449,Sameer Pasha,AC Service,5,2026-06-08,Gold,1,1,4.29,10,Urdu|Hindi|Kannada,Referral by Pro,
450,Nandini Kulkarni,Deep Cleaning,15,2024-12-05,Gold,1,1,4.36,110,Kannada|English,Job Portal,
451,Poonam Verma,Pest Control,15,2026-01-29,Silver,1,0,4.39,16,Hindi|English,Online Signup,2026-07-19
452,Rajanna Gowda,Plumber,2,2026-06-23,Gold,1,1,4.34,31,Kannada|English|Hindi,Field Recruiter,
453,Shabana Ahmed,Deep Cleaning,10,2024-11-16,Silver,0,1,4.14,32,Urdu|Hindi|Kannada|English,Partner Agency,
454,Vasavi Prasad,Deep Cleaning,1,2026-02-04,Silver,1,1,4.06,31,Telugu|Kannada|English,Walk In,
455,Vijay Joshi,AC Service,1,2024-10-27,Silver,1,1,4.16,112,Hindi|English|Kannada,Partner Agency,
456,Sathish Raman,Plumber,19,2024-10-14,Gold,1,1,4.18,79,Tamil|Kannada|English,Field Recruiter,
457,Amit Joshi,Electrician,5,2026-06-21,Silver,1,1,4.46,6,Hindi|English,Walk In,
458,Srinivas Rao,Deep Cleaning,12,2026-03-03,Bronze,0,1,4.02,15,Kannada|English|Hindi,Partner Agency,
459,Shabana Shariff,Painter,19,2024-09-12,Bronze,1,1,3.84,2,Urdu|Hindi,Field Recruiter,
460,Imran Baig,Painter,13,2025-10-23,Silver,1,1,4.13,25,Urdu|Hindi|Kannada|English,Referral by Pro,
461,Amit Gupta,Pest Control,10,2024-07-23,Silver,0,1,4.23,25,Hindi|English|Kannada|Urdu,Online Signup,
462,Arun Nadar,Pest Control,6,2026-03-15,Bronze,0,1,3.95,8,Tamil|Kannada|English|Telugu,Field Recruiter,
463,Thenmozhi Sundaram,Pest Control,11,2024-12-08,Bronze,1,1,4.13,40,Tamil|Kannada|English|Telugu,Walk In,
464,Ilango Velu,Electrician,5,2024-12-19,Bronze,1,1,3.86,25,Tamil|Kannada|English|Telugu,Field Recruiter,
465,Kalaivani Sundaram,Deep Cleaning,4,2026-02-16,Gold,1,1,4.39,58,Tamil|Kannada,Referral by Pro,
466,Naveen Shetty,AC Service,9,2026-06-03,Silver,1,1,4.32,2,Kannada|English|Hindi|Tamil,Partner Agency,
467,Pankaj Singh,AC Service,11,2026-02-03,Silver,1,1,4.20,38,Hindi|English,Partner Agency,
468,Bala Natarajan,AC Service,13,2024-08-03,Gold,1,1,4.24,193,Tamil|Kannada,Online Signup,
469,Basavaraj Achar,Appliance Repair,2,2026-02-06,Gold,1,1,4.37,49,Kannada|English|Hindi|Tamil,Walk In,
470,Nagaraj Desai,Appliance Repair,2,2025-08-06,Bronze,1,1,3.93,6,Kannada|English|Hindi|Tamil,Online Signup,
471,Vignesh Krishnan,Carpenter,2,2026-03-31,Silver,1,1,4.47,7,Tamil|Kannada|English,Online Signup,
472,Sandeep Chauhan,AC Service,3,2024-12-01,Gold,1,1,4.31,342,Hindi|English,Partner Agency,
473,Deepak Chauhan,Carpenter,13,2024-10-11,Silver,1,1,4.46,29,Hindi|English|Kannada,Partner Agency,
474,Dharmendra Chauhan,Electrician,4,2024-11-06,Gold,1,1,4.43,119,Hindi|English,Walk In,
475,Anand Krishnan,AC Service,11,2025-03-02,Bronze,1,0,3.85,14,Tamil|Kannada|English|Telugu,Online Signup,2025-08-16
476,Bala Chettiar,Appliance Repair,1,2025-02-04,Silver,1,1,4.14,31,Tamil|Kannada|English|Telugu,Job Portal,
477,Vikas Thakur,Pest Control,14,2025-07-27,Platinum,1,1,4.54,101,Hindi|English,Partner Agency,
478,Rajanna Kumar,Deep Cleaning,10,2025-05-01,Silver,1,1,4.15,61,Kannada|English|Hindi|Tamil,Job Portal,
479,Altaf Pasha,Pest Control,1,2024-12-03,Bronze,1,1,4.11,8,Urdu|Hindi,Online Signup,
480,Ganesh Poojary,AC Service,3,2024-07-01,Platinum,1,1,4.41,301,Kannada|English|Hindi,Field Recruiter,
481,Yogesh Gouda,Plumber,2,2024-11-30,Bronze,1,1,4.01,26,Kannada|English|Hindi,Partner Agency,
482,Nagaraj Desai,Deep Cleaning,6,2025-07-27,Bronze,1,1,4.08,19,Kannada|English|Hindi|Tamil,Referral by Pro,
483,Praveen Chowdary,Plumber,7,2024-09-14,Bronze,1,1,4.03,6,Telugu|Kannada,Referral by Pro,
484,Ramakrishna Naidu,Electrician,5,2024-07-04,Gold,1,1,4.33,93,Telugu|Kannada|English,Referral by Pro,
485,Rajanna Naik,Appliance Repair,6,2024-10-24,Silver,0,1,4.08,122,Kannada|English|Hindi,Field Recruiter,
486,Lokesh Hegde,Electrician,3,2026-03-14,Bronze,1,1,4.05,1,Kannada|English,Job Portal,
487,Irfan Ansari,Electrician,4,2024-08-27,Platinum,1,1,4.44,247,Urdu|Hindi,Online Signup,
488,Revathi Pillai,AC Service,16,2026-05-08,Silver,1,1,4.03,21,Tamil|Kannada,Online Signup,
489,Kiran Yadav,Deep Cleaning,5,2024-08-10,Silver,1,1,4.09,30,Hindi|English|Kannada|Urdu,Job Portal,
490,Bhuvana Velu,Plumber,6,2024-08-20,Gold,0,1,4.32,342,Tamil|Kannada|English,Partner Agency,
491,Chandra Varma,Plumber,6,2024-08-27,Bronze,1,1,4.09,8,Telugu|Kannada|English|Hindi,Field Recruiter,
492,Pankaj Thakur,Painter,5,2025-11-18,Gold,1,1,4.31,38,Hindi|English,Referral by Pro,
493,Yogesh Achar,Pest Control,1,2025-02-10,Gold,1,1,4.30,150,Kannada|English|Hindi|Tamil,Field Recruiter,
494,Amit Yadav,Painter,7,2025-06-15,Bronze,1,1,3.77,25,Hindi|English,Walk In,
495,Ravi Poojary,Electrician,2,2024-08-06,Platinum,1,1,4.36,286,Kannada|English|Hindi,Referral by Pro,
496,Ajay Sharma,Electrician,2,2024-06-29,Platinum,1,1,4.50,430,Hindi|English,Partner Agency,
497,Anil Gupta,Painter,11,2025-03-28,Silver,1,1,4.22,9,Hindi|English|Kannada|Urdu,Online Signup,
498,Zareena Hussain,Pest Control,18,2025-07-30,Gold,1,1,4.34,103,Urdu|Hindi|Kannada|English,Job Portal,
499,Naveen Hegde,Carpenter,11,2024-10-26,Silver,1,1,4.35,32,Kannada|English|Hindi,Walk In,
500,Sirisha Varma,Carpenter,19,2025-07-19,Silver,1,1,4.19,27,Telugu|Kannada|English|Hindi,Partner Agency,
501,Ramakrishna Varma,Plumber,1,2024-09-10,Bronze,0,1,4.02,16,Telugu|Kannada|English,Online Signup,
502,Salim Ansari,Appliance Repair,2,2024-09-02,Bronze,0,1,4.28,26,Urdu|Hindi|Kannada,Online Signup,
503,Ravi Murthy,AC Service,3,2025-08-11,Bronze,1,1,3.94,33,Kannada|English|Hindi,Referral by Pro,
504,Pankaj Sharma,Carpenter,16,2026-04-08,Silver,1,1,4.18,17,Hindi|English,Partner Agency,
505,Ramakrishna Varma,Plumber,5,2025-04-06,Gold,1,0,4.39,102,Telugu|Kannada,Partner Agency,2026-03-02
506,Vasavi Varma,Deep Cleaning,15,2026-02-20,Silver,1,1,4.51,6,Telugu|Kannada|English,Walk In,
507,Kalaivani Pillai,Deep Cleaning,1,2024-09-29,Gold,1,1,4.22,183,Tamil|Kannada|English,Walk In,
508,Rakesh Singh,Pest Control,6,2024-06-16,Bronze,0,1,3.81,9,Hindi|English,Partner Agency,
509,Prakash Swamy,Appliance Repair,5,2024-08-25,Bronze,1,1,3.91,20,Kannada|English|Hindi,Partner Agency,
510,Manjunath Murthy,Plumber,14,2026-06-17,Bronze,1,1,4.03,7,Kannada|English,Field Recruiter,
511,Rajanna Rao,Carpenter,1,2024-11-05,Gold,1,1,4.33,38,Kannada|English,Walk In,
512,Venkat Varma,Carpenter,16,2024-07-23,Gold,1,1,4.19,113,Telugu|Kannada|English,Field Recruiter,
513,Ajay Chauhan,Appliance Repair,5,2024-09-18,Bronze,1,1,3.96,14,Hindi|English|Kannada|Urdu,Referral by Pro,
514,Firoz Sait,AC Service,9,2026-04-11,Silver,1,1,4.13,5,Urdu|Hindi|Kannada|English,Online Signup,
515,Vignesh Chettiar,Appliance Repair,11,2024-08-03,Silver,1,1,4.08,47,Tamil|Kannada|English,Field Recruiter,
516,Lokesh Patil,Painter,15,2024-07-05,Bronze,0,1,4.14,3,Kannada|English|Hindi|Tamil,Field Recruiter,
517,Asif Qureshi,Carpenter,1,2026-04-27,Silver,0,1,4.33,7,Urdu|Hindi|Kannada,Field Recruiter,
518,Ilango Chettiar,Plumber,1,2026-01-26,Bronze,0,1,4.31,6,Tamil|Kannada,Online Signup,
519,Rajesh Iyer,Electrician,6,2025-03-11,Gold,1,1,4.27,183,Tamil|Kannada|English,Field Recruiter,
520,Sudhakar Yadav,Plumber,16,2024-11-28,Bronze,1,1,3.87,9,Telugu|Kannada,Online Signup,
521,Chandrashekar Hegde,Deep Cleaning,6,2025-12-18,Bronze,1,1,3.89,11,Kannada|English|Hindi,Referral by Pro,
522,Muthu Nadar,AC Service,16,2024-11-25,Silver,1,1,4.35,32,Tamil|Kannada|English,Referral by Pro,
523,Firoz Baig,AC Service,3,2026-02-03,Silver,1,1,4.18,8,Urdu|Hindi|Kannada|English,Job Portal,
524,Yogesh Murthy,Pest Control,1,2026-02-18,Silver,1,1,4.33,13,Kannada|English|Hindi,Walk In,
525,Vinay Gowda,Pest Control,8,2024-11-18,Bronze,0,1,4.19,15,Kannada|English,Field Recruiter,
526,Sudhakar Varma,Electrician,5,2025-03-11,Bronze,1,0,3.95,4,Telugu|Kannada|English,Referral by Pro,2025-07-30
527,Prakash Desai,Pest Control,2,2024-06-30,Silver,1,1,4.21,80,Kannada|English,Referral by Pro,
528,Wasim Baig,AC Service,15,2024-08-21,Gold,0,1,4.36,192,Urdu|Hindi|Kannada|English,Online Signup,
529,Arun Subramanian,Electrician,12,2026-01-31,Gold,1,1,4.37,139,Tamil|Kannada,Referral by Pro,
530,Srinivas Shetty,Electrician,14,2025-12-16,Silver,1,1,4.31,29,Kannada|English|Hindi,Online Signup,
531,Kiran Kumar,Electrician,15,2026-07-18,Gold,1,1,4.52,16,Kannada|English,Online Signup,
532,Lokesh Shetty,Electrician,2,2025-10-30,Silver,1,1,4.27,7,Kannada|English,Online Signup,
533,Anand Raman,AC Service,14,2025-07-05,Bronze,1,1,3.90,40,Tamil|Kannada|English,Partner Agency,
534,Vignesh Subramanian,Electrician,17,2024-12-10,Bronze,0,0,3.87,5,Tamil|Kannada|English,Partner Agency,2025-09-07
535,Praveen Varma,Plumber,2,2024-12-16,Gold,1,1,4.30,322,Telugu|Kannada|English|Hindi,Partner Agency,
536,Mohammed Sheikh,Appliance Repair,9,2024-09-23,Bronze,1,1,3.94,2,Urdu|Hindi,Field Recruiter,
537,Prabhu Velu,Deep Cleaning,11,2024-06-04,Silver,1,1,3.97,67,Tamil|Kannada|English|Telugu,Partner Agency,
538,Santhosh Hegde,Appliance Repair,1,2024-12-14,Bronze,1,1,3.82,20,Kannada|English|Hindi,Online Signup,
539,Sandeep Mishra,Plumber,1,2025-01-11,Silver,1,1,4.08,99,Hindi|English|Kannada|Urdu,Field Recruiter,
540,Girish Kumar,Carpenter,8,2025-07-02,Silver,1,1,4.35,21,Kannada|English,Referral by Pro,
541,Ganesh Bhat,Carpenter,2,2025-01-25,Silver,1,1,4.29,57,Kannada|English,Referral by Pro,
542,Altaf Sait,Appliance Repair,16,2025-04-05,Gold,1,0,4.14,28,Urdu|Hindi|Kannada,Referral by Pro,2025-10-01
543,Shankar Shetty,Plumber,2,2025-03-16,Bronze,1,1,3.95,8,Kannada|English|Hindi|Tamil,Referral by Pro,
544,Ramesh Gowda,Plumber,11,2024-07-26,Gold,1,1,4.30,287,Kannada|English|Hindi|Tamil,Online Signup,
545,Shankar Patil,Painter,1,2025-12-10,Silver,1,1,4.06,27,Kannada|English|Hindi,Partner Agency,
546,Vikas Yadav,Plumber,2,2026-04-23,Bronze,1,1,3.95,5,Hindi|English,Partner Agency,
547,Madhavi Prasad,Deep Cleaning,1,2026-02-22,Platinum,1,1,4.40,165,Telugu|Kannada|English|Hindi,Walk In,
548,Mallikarjun Hegde,Appliance Repair,11,2025-11-02,Silver,1,1,4.31,74,Kannada|English,Partner Agency,
549,Karthik Nadar,Appliance Repair,5,2025-05-19,Silver,1,0,4.26,3,Tamil|Kannada|English|Telugu,Referral by Pro,2026-03-27
550,Asif Shariff,Carpenter,4,2024-12-08,Gold,1,1,4.14,64,Urdu|Hindi|Kannada|English,Field Recruiter,
551,Sudhakar Reddy,Plumber,15,2024-08-30,Silver,0,1,4.10,12,Telugu|Kannada|English|Hindi,Online Signup,
552,Shankar Gouda,Pest Control,5,2024-11-03,Gold,1,1,4.19,92,Kannada|English|Hindi|Tamil,Job Portal,
553,Ravi Bhat,Painter,8,2026-01-14,Silver,1,1,4.21,7,Kannada|English|Hindi,Field Recruiter,
554,Geetha Patil,Pest Control,16,2025-06-01,Silver,0,1,4.33,30,Kannada|English|Hindi,Referral by Pro,
555,Ramesh Murthy,Appliance Repair,6,2024-08-23,Gold,1,1,4.50,70,Kannada|English,Walk In,
556,Vijaya Murthy,Appliance Repair,8,2024-08-24,Silver,1,1,3.84,21,Kannada|English,Partner Agency,
557,Venkatesh Gouda,Deep Cleaning,18,2024-08-10,Silver,1,1,4.15,51,Kannada|English|Hindi|Tamil,Field Recruiter,
558,Bhaskar Prasad,Appliance Repair,2,2025-07-02,Silver,1,1,4.30,8,Telugu|Kannada,Walk In,
559,Manjunath Bhat,Appliance Repair,6,2025-09-30,Silver,1,1,4.36,31,Kannada|English|Hindi|Tamil,Job Portal,
560,Rajesh Subramanian,AC Service,3,2026-05-17,Gold,1,1,4.37,30,Tamil|Kannada|English|Telugu,Walk In,
561,Sandeep Chauhan,Painter,10,2024-07-02,Bronze,1,1,4.24,9,Hindi|English|Kannada,Field Recruiter,
562,Venkatesh Gouda,AC Service,8,2024-07-12,Silver,1,1,4.32,28,Kannada|English|Hindi|Tamil,Referral by Pro,
563,Anand Nadar,AC Service,5,2026-07-15,Bronze,1,1,4.05,0,Tamil|Kannada|English,Field Recruiter,
564,Tanveer Khan,Appliance Repair,7,2024-06-29,Bronze,1,1,3.67,12,Urdu|Hindi|Kannada,Job Portal,
565,Rafiq Sheikh,AC Service,9,2024-09-18,Silver,1,0,4.24,16,Urdu|Hindi|Kannada,Referral by Pro,2025-08-02
566,Naveen Desai,Pest Control,6,2026-06-11,Bronze,1,1,4.05,0,Kannada|English|Hindi,Referral by Pro,
567,Uma Nadar,Deep Cleaning,17,2024-11-02,Bronze,1,1,4.05,1,Tamil|Kannada|English|Telugu,Referral by Pro,
568,Santhosh Naik,Appliance Repair,9,2026-07-26,Bronze,0,1,4.05,1,Kannada|English|Hindi|Tamil,Job Portal,
569,Nandini Murthy,AC Service,8,2025-05-02,Silver,1,1,4.14,22,Kannada|English,Online Signup,
570,Swapna Reddy,Carpenter,1,2026-07-24,Silver,1,1,4.32,0,Telugu|Kannada|English,Partner Agency,
571,Nagaraj Bhat,Pest Control,2,2026-07-31,Silver,1,1,4.32,2,Kannada|English|Hindi|Tamil,Field Recruiter,
572,Pankaj Yadav,Carpenter,3,2024-06-07,Silver,1,0,4.36,3,Hindi|English|Kannada|Urdu,Partner Agency,2025-02-05
573,Chandrashekar Patil,Appliance Repair,1,2026-04-05,Bronze,1,1,4.03,10,Kannada|English|Hindi,Referral by Pro,
574,Chandra Yadav,Electrician,1,2024-06-03,Bronze,1,1,3.84,46,Telugu|Kannada|English,Field Recruiter,
575,Manoj Sharma,Plumber,3,2026-02-06,Bronze,1,1,4.03,13,Hindi|English|Kannada,Referral by Pro,
576,Dharmendra Chauhan,Pest Control,12,2024-08-30,Gold,1,1,4.32,196,Hindi|English|Kannada,Online Signup,
577,Vinay Patil,Appliance Repair,17,2024-09-11,Gold,1,1,4.18,47,Kannada|English,Job Portal,
578,Firoz Sheikh,AC Service,11,2026-01-28,Bronze,1,1,4.16,1,Urdu|Hindi|Kannada,Job Portal,
579,Ganesh Naik,AC Service,2,2025-02-05,Bronze,1,1,3.97,22,Kannada|English,Partner Agency,
580,Sudhakar Yadav,Appliance Repair,13,2024-08-24,Bronze,1,0,3.93,2,Telugu|Kannada|English,Online Signup,2025-09-07
581,Saravanan Nadar,AC Service,6,2024-10-12,Silver,1,1,4.28,144,Tamil|Kannada|English|Telugu,Walk In,
582,Deepak Verma,Carpenter,11,2024-11-23,Bronze,0,1,3.67,7,Hindi|English,Partner Agency,
583,Sai Yadav,Deep Cleaning,7,2024-09-01,Platinum,1,0,4.49,170,Telugu|Kannada|English|Hindi,Field Recruiter,2025-10-16
584,Dharmendra Chauhan,Carpenter,6,2025-01-01,Silver,1,1,4.26,70,Hindi|English|Kannada|Urdu,Field Recruiter,
585,Nadeem Khan,Electrician,3,2026-04-07,Gold,1,1,4.38,71,Urdu|Hindi,Job Portal,
586,Mallikarjun Achar,AC Service,19,2026-05-06,Bronze,1,1,4.05,0,Kannada|English|Hindi,Walk In,
587,Meera Singh,Deep Cleaning,3,2024-06-15,Silver,1,0,4.30,6,Hindi|English,Walk In,2025-02-06
588,Saravanan Pillai,Appliance Repair,9,2024-12-05,Gold,1,1,4.15,95,Tamil|Kannada|English,Online Signup,
589,Pankaj Gupta,Pest Control,10,2026-05-09,Gold,1,1,4.47,71,Hindi|English,Field Recruiter,
590,Karthik Subramanian,Carpenter,7,2025-08-03,Silver,1,1,4.27,27,Tamil|Kannada|English,Referral by Pro,
591,Kiran Joshi,Deep Cleaning,4,2024-08-21,Bronze,1,1,4.04,7,Hindi|English|Kannada|Urdu,Field Recruiter,
592,Vignesh Chettiar,Appliance Repair,6,2024-10-19,Bronze,1,0,4.05,0,Tamil|Kannada,Field Recruiter,2025-10-01
593,Chandra Naidu,Plumber,1,2025-10-06,Platinum,1,1,4.44,211,Telugu|Kannada|English|Hindi,Partner Agency,
594,Ramakrishna Naidu,Deep Cleaning,11,2026-06-10,Silver,1,1,4.32,1,Telugu|Kannada|English,Partner Agency,
595,Rajesh Raman,Plumber,8,2025-07-26,Silver,1,0,4.40,53,Tamil|Kannada|English|Telugu,Job Portal,2026-02-09
596,Bhaskar Reddy,Plumber,6,2026-01-04,Silver,1,1,4.16,24,Telugu|Kannada|English,Field Recruiter,
597,Anand Krishnan,Appliance Repair,13,2025-02-15,Bronze,1,0,3.88,31,Tamil|Kannada|English|Telugu,Online Signup,2026-03-30
598,Nagendra Yadav,AC Service,10,2026-01-26,Silver,1,1,4.18,41,Telugu|Kannada,Referral by Pro,
599,Salim Pasha,Deep Cleaning,1,2024-11-01,Bronze,0,1,3.87,6,Urdu|Hindi,Partner Agency,
600,Chandrashekar Kumar,Plumber,10,2026-02-12,Platinum,1,1,4.37,147,Kannada|English|Hindi,Walk In,
601,Rambabu Naidu,Electrician,7,2024-11-13,Silver,1,1,3.95,39,Telugu|Kannada|English,Referral by Pro,
602,Rajesh Nadar,Carpenter,11,2024-06-17,Silver,1,1,4.30,8,Tamil|Kannada|English,Partner Agency,
603,Lakshmi Rao,Deep Cleaning,6,2024-09-25,Silver,1,0,4.32,0,Kannada|English|Hindi,Field Recruiter,2025-09-30
604,Venkat Naidu,Electrician,4,2025-12-18,Bronze,1,1,4.04,4,Telugu|Kannada,Field Recruiter,
605,Poonam Joshi,Pest Control,1,2024-07-04,Bronze,1,1,3.78,6,Hindi|English|Kannada,Field Recruiter,
606,Vinay Hegde,Plumber,5,2026-06-26,Gold,1,1,4.38,53,Kannada|English|Hindi,Online Signup,
607,Rambabu Yadav,AC Service,1,2024-06-16,Silver,1,0,3.90,23,Telugu|Kannada|English|Hindi,Field Recruiter,2025-08-08
608,Asif Hussain,Appliance Repair,10,2026-01-10,Bronze,1,1,4.24,6,Urdu|Hindi,Online Signup,
609,Muthu Subramanian,Electrician,1,2026-07-21,Bronze,1,1,4.04,4,Tamil|Kannada|English|Telugu,Online Signup,
610,Poonam Pandey,Plumber,7,2026-02-25,Bronze,1,1,4.09,10,Hindi|English|Kannada|Urdu,Referral by Pro,
611,Rafiq Shariff,Plumber,20,2026-06-09,Gold,1,1,4.60,21,Urdu|Hindi|Kannada|English,Walk In,
612,Chandra Yadav,Appliance Repair,5,2025-06-30,Silver,1,1,4.39,25,Telugu|Kannada,Job Portal,
613,Anil Gupta,Plumber,12,2026-05-21,Bronze,1,1,4.04,3,Hindi|English|Kannada,Partner Agency,
614,Vikas Chauhan,Appliance Repair,11,2025-01-03,Bronze,1,1,3.76,22,Hindi|English|Kannada,Field Recruiter,
615,Nadeem Sait,Electrician,19,2026-06-06,Gold,1,1,4.33,54,Urdu|Hindi,Walk In,
616,Srinu Rao,AC Service,13,2025-10-22,Bronze,1,1,4.07,19,Telugu|Kannada,Online Signup,
617,Karthik Pillai,Carpenter,13,2024-07-13,Gold,1,1,4.34,59,Tamil|Kannada|English,Walk In,
618,Srinu Rao,AC Service,11,2024-12-20,Silver,1,1,4.29,106,Telugu|Kannada|English|Hindi,Online Signup,
619,Vijaya Bhat,Pest Control,1,2024-11-26,Bronze,1,1,4.22,8,Kannada|English,Referral by Pro,
620,Manjunath Poojary,Electrician,5,2026-07-27,Gold,1,1,4.36,13,Kannada|English|Hindi,Referral by Pro,
621,Anil Sharma,Deep Cleaning,19,2024-07-13,Bronze,0,1,4.09,10,Hindi|English|Kannada|Urdu,Online Signup,
622,Farida Shariff,Deep Cleaning,7,2024-11-17,Platinum,1,1,4.38,310,Urdu|Hindi|Kannada,Field Recruiter,
623,Murugan Natarajan,AC Service,4,2025-10-08,Bronze,1,1,3.87,7,Tamil|Kannada|English|Telugu,Field Recruiter,
624,Deepak Joshi,Painter,2,2026-06-04,Gold,1,1,4.44,6,Hindi|English,Field Recruiter,
625,Anil Yadav,AC Service,3,2026-01-18,Bronze,1,1,3.88,13,Hindi|English|Kannada|Urdu,Field Recruiter,
626,Vijay Chauhan,Painter,13,2024-12-14,Silver,1,1,4.46,47,Hindi|English|Kannada,Walk In,
627,Madhavi Naidu,Appliance Repair,13,2026-04-16,Gold,0,1,4.49,66,Telugu|Kannada,Field Recruiter,
628,Sandeep Joshi,AC Service,11,2025-01-28,Silver,1,1,4.16,72,Hindi|English|Kannada|Urdu,Field Recruiter,
629,Mohammed Sheikh,Plumber,1,2024-12-12,Silver,1,1,4.26,43,Urdu|Hindi,Partner Agency,
630,Chandrashekar Patil,Painter,1,2025-10-07,Silver,1,1,3.97,66,Kannada|English,Online Signup,
631,Shivakumar Achar,AC Service,4,2024-07-21,Bronze,1,1,4.04,3,Kannada|English|Hindi,Job Portal,
632,Sameer Sait,Plumber,6,2024-12-27,Silver,1,1,4.22,37,Urdu|Hindi|Kannada|English,Field Recruiter,
633,Saravanan Sundaram,Appliance Repair,6,2024-09-07,Platinum,1,0,4.36,152,Tamil|Kannada,Field Recruiter,2025-12-18
634,Venkatesh Naik,Deep Cleaning,10,2026-05-25,Gold,1,1,4.64,31,Kannada|English|Hindi|Tamil,Online Signup,
635,Mangala Gowda,Deep Cleaning,12,2024-11-16,Bronze,1,1,4.02,22,Kannada|English,Job Portal,
636,Srinivas Swamy,AC Service,7,2024-08-05,Bronze,1,1,4.10,35,Kannada|English,Field Recruiter,
637,Venkat Yadav,Carpenter,1,2024-08-11,Silver,1,1,4.22,76,Telugu|Kannada|English|Hindi,Field Recruiter,
638,Meena Sundaram,Deep Cleaning,3,2024-07-22,Silver,1,1,4.16,72,Tamil|Kannada,Field Recruiter,
639,Amit Thakur,AC Service,17,2026-06-19,Silver,1,1,4.40,1,Hindi|English,Partner Agency,
640,Vinay Achar,Plumber,1,2025-01-07,Bronze,1,1,3.92,44,Kannada|English,Online Signup,
641,Uma Pillai,Deep Cleaning,4,2026-06-13,Platinum,1,1,4.60,78,Tamil|Kannada,Field Recruiter,
642,Ramakrishna Prasad,Plumber,9,2025-10-22,Platinum,1,1,4.50,278,Telugu|Kannada|English|Hindi,Field Recruiter,
643,Srinivas Gowda,AC Service,1,2025-03-18,Bronze,1,1,3.90,10,Kannada|English|Hindi|Tamil,Online Signup,
644,Bala Chettiar,Plumber,15,2024-08-20,Silver,1,1,4.13,19,Tamil|Kannada|English|Telugu,Field Recruiter,
645,Ravi Kulkarni,Carpenter,15,2024-06-06,Silver,1,1,4.31,22,Kannada|English,Online Signup,
646,Nadeem Baig,Appliance Repair,15,2025-12-16,Bronze,1,1,4.26,12,Urdu|Hindi|Kannada,Partner Agency,
647,Salim Khan,Painter,5,2025-01-26,Gold,1,1,4.26,121,Urdu|Hindi,Online Signup,
648,Rafiq Sheikh,Plumber,12,2026-04-18,Bronze,1,1,4.05,1,Urdu|Hindi,Online Signup,
649,Rambabu Naidu,Appliance Repair,5,2024-07-31,Bronze,0,0,3.87,6,Telugu|Kannada,Field Recruiter,2025-08-02
650,Saravanan Nadar,Electrician,9,2026-06-18,Silver,1,1,3.98,13,Tamil|Kannada|English,Walk In,
651,Prakash Shetty,Electrician,4,2025-05-04,Bronze,1,1,3.95,6,Kannada|English,Online Signup,
652,Mallikarjun Rao,Painter,2,2026-05-16,Bronze,1,1,4.05,1,Kannada|English|Hindi,Referral by Pro,
653,Nagaraj Murthy,Plumber,9,2025-04-27,Silver,1,1,4.05,198,Kannada|English|Hindi|Tamil,Walk In,
654,Prabhu Raman,Appliance Repair,2,2025-10-03,Silver,1,1,4.14,30,Tamil|Kannada,Job Portal,
655,Bhaskar Naidu,Appliance Repair,5,2025-05-15,Gold,1,0,4.20,62,Telugu|Kannada|English,Field Recruiter,2026-04-26
656,Lokesh Shetty,AC Service,4,2024-09-07,Silver,1,0,4.36,3,Kannada|English|Hindi|Tamil,Field Recruiter,2025-03-16
657,Sarita Chauhan,Deep Cleaning,9,2026-01-11,Bronze,1,0,3.84,3,Hindi|English|Kannada|Urdu,Field Recruiter,2026-04-27
658,Ramesh Gowda,Pest Control,5,2024-12-13,Gold,1,1,4.40,43,Kannada|English|Hindi|Tamil,Field Recruiter,
659,Sai Yadav,Painter,17,2024-12-15,Gold,1,0,4.42,8,Telugu|Kannada|English,Field Recruiter,2025-08-08
660,Srinu Naidu,Painter,1,2024-08-14,Bronze,1,1,3.75,24,Telugu|Kannada|English,Field Recruiter,
661,Anand Krishnan,Pest Control,5,2025-09-24,Silver,1,0,4.16,5,Tamil|Kannada|English,Referral by Pro,2026-06-10
662,Girish Kumar,Painter,9,2024-08-22,Bronze,1,1,4.12,37,Kannada|English,Partner Agency,
663,Nagaraj Poojary,Painter,10,2026-03-31,Silver,1,1,4.22,21,Kannada|English,Referral by Pro,
664,Mallikarjun Murthy,AC Service,6,2026-04-15,Silver,1,1,4.23,14,Kannada|English|Hindi,Field Recruiter,
665,Lakshmi Gouda,Deep Cleaning,16,2024-08-05,Silver,1,1,4.09,86,Kannada|English|Hindi,Referral by Pro,
666,Sudhakar Yadav,Plumber,4,2025-02-26,Silver,1,1,4.17,43,Telugu|Kannada,Referral by Pro,
667,Sarita Verma,Electrician,3,2024-11-06,Bronze,1,1,3.92,43,Hindi|English,Job Portal,
668,Vinay Bhat,AC Service,16,2025-12-23,Silver,1,1,4.40,33,Kannada|English,Field Recruiter,
669,Firoz Baig,Plumber,7,2024-07-05,Silver,1,0,4.28,29,Urdu|Hindi,Field Recruiter,2025-09-25
670,Manjunath Bhat,Electrician,15,2024-06-11,Bronze,1,0,4.05,0,Kannada|English|Hindi,Field Recruiter,2024-09-25
671,Praveen Yadav,Painter,13,2024-06-26,Bronze,1,1,3.94,3,Telugu|Kannada,Field Recruiter,
672,Nasreen Sheikh,Pest Control,4,2026-07-02,Silver,0,1,4.50,10,Urdu|Hindi|Kannada|English,Partner Agency,
673,Meena Sundaram,Deep Cleaning,15,2026-06-18,Gold,1,1,4.31,8,Tamil|Kannada|English,Field Recruiter,
674,Basavaraj Swamy,Appliance Repair,7,2024-09-29,Silver,1,1,4.36,18,Kannada|English|Hindi,Job Portal,
675,Girish Naik,Appliance Repair,20,2024-08-08,Gold,1,0,4.26,18,Kannada|English|Hindi|Tamil,Partner Agency,2025-06-09
676,Umesh Bhat,Appliance Repair,15,2024-07-25,Gold,1,1,4.25,79,Kannada|English,Field Recruiter,
677,Sai Chowdary,Painter,1,2026-04-04,Gold,1,1,4.34,27,Telugu|Kannada,Field Recruiter,
678,Sunil Chauhan,Electrician,11,2024-07-22,Bronze,1,0,3.83,23,Hindi|English,Field Recruiter,2025-08-18
679,Vinay Poojary,Electrician,7,2026-04-03,Platinum,1,1,4.38,78,Kannada|English|Hindi|Tamil,Walk In,
680,Pankaj Joshi,Carpenter,5,2025-07-27,Bronze,1,1,3.95,6,Hindi|English|Kannada|Urdu,Online Signup,
681,Nagaraj Desai,Appliance Repair,4,2025-06-14,Bronze,1,1,4.17,21,Kannada|English|Hindi,Online Signup,
682,Suresh Murthy,Plumber,20,2024-06-25,Platinum,1,0,4.47,61,Kannada|English|Hindi|Tamil,Walk In,2025-03-15
683,Sowmya Murthy,Deep Cleaning,11,2025-06-23,Bronze,1,1,4.03,6,Kannada|English,Job Portal,
684,Tanveer Khan,Deep Cleaning,6,2025-04-22,Silver,1,1,4.04,64,Urdu|Hindi|Kannada,Partner Agency,
685,Padma Rao,Appliance Repair,9,2026-07-03,Silver,1,1,4.29,9,Kannada|English|Hindi,Online Signup,
686,Sunil Gupta,Pest Control,2,2026-07-22,Bronze,0,1,4.14,2,Hindi|English,Online Signup,
687,Yogesh Bhat,Pest Control,11,2024-11-23,Gold,1,1,4.21,252,Kannada|English|Hindi,Partner Agency,
688,Madhavi Chowdary,Deep Cleaning,7,2025-12-19,Bronze,1,1,4.02,15,Telugu|Kannada,Job Portal,
689,Tanveer Ansari,Electrician,13,2024-08-20,Silver,1,1,4.24,117,Urdu|Hindi,Walk In,
690,Naveen Bhat,AC Service,2,2024-10-11,Silver,1,1,4.29,117,Kannada|English,Job Portal,
691,Venkat Prasad,Deep Cleaning,6,2024-07-27,Silver,0,1,4.12,109,Telugu|Kannada|English,Field Recruiter,
692,Amit Gupta,Carpenter,16,2024-07-12,Bronze,1,1,4.08,33,Hindi|English|Kannada,Field Recruiter,
693,Kiran Chauhan,Carpenter,9,2024-11-04,Gold,1,1,4.30,100,Hindi|English,Job Portal,
694,Javed Pasha,Pest Control,9,2024-09-22,Bronze,0,1,4.07,15,Urdu|Hindi|Kannada|English,Referral by Pro,
695,Shabbir Qureshi,Carpenter,5,2025-05-21,Gold,1,0,4.25,108,Urdu|Hindi,Online Signup,2026-03-06
696,Sathish Sundaram,Painter,20,2025-07-07,Silver,1,1,4.30,6,Tamil|Kannada|English|Telugu,Walk In,
697,Ganesh Poojary,Appliance Repair,6,2024-06-10,Silver,1,0,4.32,0,Kannada|English|Hindi,Walk In,2024-08-24
698,Ravi Achar,Painter,6,2025-07-17,Gold,1,1,4.50,39,Kannada|English|Hindi|Tamil,Online Signup,
699,Lokesh Bhat,Plumber,4,2026-07-10,Bronze,1,1,3.95,5,Kannada|English,Walk In,
700,Sathish Iyer,Painter,17,2025-05-20,Gold,1,1,4.44,60,Tamil|Kannada,Referral by Pro,
701,Mahadev Achar,Plumber,4,2024-10-20,Platinum,1,1,4.42,357,Kannada|English|Hindi|Tamil,Field Recruiter,
702,Rajkumar Sharma,AC Service,3,2026-06-16,Gold,1,1,4.41,29,Hindi|English,Referral by Pro,
703,Murugan Chettiar,Pest Control,4,2024-12-29,Silver,1,1,4.20,61,Tamil|Kannada|English,Partner Agency,
704,Chandrashekar Poojary,Appliance Repair,8,2025-09-02,Bronze,0,1,4.15,34,Kannada|English,Online Signup,
705,Lokesh Patil,Plumber,20,2024-08-28,Gold,1,0,4.48,37,Kannada|English,Field Recruiter,2025-07-06
706,Dharmendra Singh,Painter,11,2025-04-25,Bronze,1,1,4.03,15,Hindi|English|Kannada|Urdu,Referral by Pro,
707,Venkat Reddy,Plumber,18,2025-07-24,Silver,1,0,4.40,30,Telugu|Kannada|English,Field Recruiter,2026-05-15
708,Arun Velu,Appliance Repair,11,2025-05-10,Platinum,1,0,4.56,18,Tamil|Kannada|English,Field Recruiter,2025-07-27
709,Tanveer Ansari,AC Service,1,2024-10-05,Bronze,1,0,4.02,16,Urdu|Hindi|Kannada,Referral by Pro,2025-11-20
710,Rohit Chauhan,Painter,8,2025-11-12,Silver,1,1,4.24,34,Hindi|English|Kannada|Urdu,Referral by Pro,
711,Uma Raman,Deep Cleaning,7,2025-07-28,Silver,1,0,4.17,10,Tamil|Kannada|English|Telugu,Field Recruiter,2026-02-22
712,Sudhakar Varma,Plumber,5,2026-03-31,Silver,1,1,4.18,23,Telugu|Kannada,Referral by Pro,
713,Chandra Chowdary,Appliance Repair,11,2024-10-08,Silver,1,1,4.15,39,Telugu|Kannada|English,Walk In,
714,Imran Ansari,Pest Control,18,2025-07-11,Bronze,1,1,3.96,10,Urdu|Hindi,Field Recruiter,
715,Prabhu Subramanian,Painter,11,2025-03-30,Gold,1,0,4.38,37,Tamil|Kannada,Partner Agency,2025-09-20
716,Mallikarjun Poojary,Appliance Repair,3,2024-08-10,Bronze,1,1,3.71,14,Kannada|English,Field Recruiter,
717,Srinu Chowdary,Carpenter,4,2024-07-23,Silver,1,1,4.05,42,Telugu|Kannada|English,Job Portal,
718,Srinu Varma,Appliance Repair,5,2024-11-17,Silver,1,0,4.35,7,Telugu|Kannada|English,Online Signup,2025-09-08
719,Vikas Singh,Plumber,5,2024-07-26,Bronze,1,0,4.16,3,Hindi|English,Referral by Pro,2025-07-03
720,Dinesh Chettiar,Plumber,7,2024-12-31,Gold,0,0,4.39,68,Tamil|Kannada|English,Partner Agency,2026-02-04
721,Vinay Patil,AC Service,8,2024-09-29,Bronze,0,0,4.05,0,Kannada|English,Referral by Pro,2024-12-09
722,Amit Singh,Electrician,12,2025-01-31,Silver,1,0,4.45,35,Hindi|English|Kannada|Urdu,Walk In,2025-09-23
723,Ayesha Ahmed,Deep Cleaning,1,2025-09-29,Gold,1,1,4.45,82,Urdu|Hindi|Kannada|English,Online Signup,
724,Muthu Pillai,AC Service,2,2025-08-19,Bronze,1,0,4.05,33,Tamil|Kannada|English,Referral by Pro,2026-05-15
725,Pankaj Sharma,AC Service,5,2025-12-23,Silver,1,1,4.12,24,Hindi|English,Field Recruiter,
726,Prakash Gouda,Appliance Repair,6,2025-12-22,Silver,1,1,4.23,57,Kannada|English|Hindi|Tamil,Referral by Pro,
727,Rajkumar Sharma,AC Service,1,2025-09-15,Bronze,1,1,4.14,5,Hindi|English,Online Signup,
728,Anjali Mishra,Deep Cleaning,8,2025-04-27,Bronze,1,1,4.02,19,Hindi|English,Walk In,
729,Ravi Naik,AC Service,16,2024-10-04,Bronze,0,1,4.03,14,Kannada|English|Hindi,Walk In,
730,Javed Ahmed,Painter,15,2024-12-11,Bronze,1,1,4.05,2,Urdu|Hindi|Kannada|English,Online Signup,
731,Praveen Chowdary,Plumber,10,2024-06-02,Silver,1,1,4.33,105,Telugu|Kannada|English,Referral by Pro,
732,Anand Natarajan,Carpenter,13,2025-09-26,Gold,1,1,4.11,41,Tamil|Kannada,Online Signup,
733,Suresh Murthy,AC Service,4,2024-06-17,Bronze,1,1,4.10,9,Kannada|English,Partner Agency,
734,Rajkumar Pandey,Electrician,3,2025-12-23,Bronze,1,1,4.15,12,Hindi|English|Kannada,Partner Agency,
735,Sai Prasad,Pest Control,15,2025-05-12,Silver,1,1,4.28,34,Telugu|Kannada,Partner Agency,
736,Ajay Joshi,Carpenter,4,2024-07-01,Silver,0,1,4.47,13,Hindi|English|Kannada,Referral by Pro,
737,Ramakrishna Naidu,AC Service,5,2024-09-02,Bronze,1,1,3.97,17,Telugu|Kannada|English,Walk In,
738,Kavitha Kulkarni,Deep Cleaning,11,2026-02-07,Bronze,1,1,4.09,28,Kannada|English|Hindi,Partner Agency,
739,Lakshmi Gowda,Deep Cleaning,9,2024-09-06,Bronze,1,1,3.96,46,Kannada|English|Hindi|Tamil,Referral by Pro,
740,Sudhakar Reddy,Plumber,6,2024-08-25,Bronze,1,0,3.93,3,Telugu|Kannada|English|Hindi,Referral by Pro,2025-06-27
741,Uma Velu,AC Service,1,2024-06-10,Bronze,0,1,3.96,13,Tamil|Kannada|English,Job Portal,
742,Sai Rao,Appliance Repair,4,2025-08-25,Bronze,1,1,4.10,23,Telugu|Kannada|English|Hindi,Field Recruiter,
743,Deepak Mishra,Pest Control,2,2025-08-20,Gold,1,0,4.39,21,Hindi|English|Kannada,Online Signup,2025-12-06
744,Dinesh Natarajan,Pest Control,16,2025-06-19,Bronze,1,1,4.03,11,Tamil|Kannada|English,Field Recruiter,
745,Vijaya Kulkarni,Deep Cleaning,3,2025-08-13,Gold,1,1,4.29,129,Kannada|English,Field Recruiter,
746,Sirisha Chowdary,Carpenter,8,2025-05-13,Silver,1,1,4.37,29,Telugu|Kannada,Referral by Pro,
747,Yogesh Naik,Carpenter,10,2025-08-14,Gold,1,1,4.51,102,Kannada|English|Hindi,Partner Agency,
748,Bala Chettiar,AC Service,3,2024-09-19,Bronze,1,0,3.95,8,Tamil|Kannada|English|Telugu,Online Signup,2025-07-19
749,Riyaz Khan,AC Service,1,2025-05-05,Silver,1,1,4.16,21,Urdu|Hindi|Kannada,Referral by Pro,
750,Murugan Pillai,AC Service,12,2025-05-18,Bronze,1,1,4.04,46,Tamil|Kannada|English,Referral by Pro,
751,Savitha Rao,Deep Cleaning,12,2026-05-13,Silver,1,1,4.02,34,Kannada|English|Hindi|Tamil,Online Signup,
752,Dinesh Natarajan,Painter,3,2026-01-29,Platinum,1,0,4.64,49,Tamil|Kannada,Referral by Pro,2026-04-08
753,Rambabu Yadav,Painter,4,2026-02-25,Bronze,1,1,3.85,4,Telugu|Kannada,Walk In,
754,Chandra Reddy,Pest Control,6,2024-12-02,Bronze,1,1,4.29,27,Telugu|Kannada,Field Recruiter,
755,Firoz Ahmed,Electrician,16,2024-06-07,Silver,0,1,4.10,33,Urdu|Hindi,Field Recruiter,
756,Rafiq Shariff,Appliance Repair,5,2026-02-11,Silver,1,1,4.44,46,Urdu|Hindi|Kannada|English,Job Portal,
757,Naveen Desai,Appliance Repair,1,2026-01-03,Gold,0,1,4.09,35,Kannada|English,Referral by Pro,
758,Ganesh Rao,Pest Control,6,2026-04-27,Gold,1,1,4.23,62,Kannada|English|Hindi,Referral by Pro,
759,Muthu Chettiar,Painter,11,2026-05-24,Silver,1,1,4.38,6,Tamil|Kannada|English,Referral by Pro,
760,Dharmendra Joshi,Deep Cleaning,13,2026-05-08,Gold,1,1,4.52,21,Hindi|English,Walk In,
761,Swapna Reddy,Deep Cleaning,3,2024-11-04,Bronze,1,1,4.08,29,Telugu|Kannada|English|Hindi,Walk In,
762,Praveen Varma,Plumber,8,2024-08-15,Bronze,1,0,4.05,0,Telugu|Kannada,Field Recruiter,2025-03-11
763,Nagendra Prasad,Plumber,2,2025-12-03,Bronze,1,1,3.89,12,Telugu|Kannada|English,Field Recruiter,
764,Sanjay Joshi,Painter,13,2026-03-22,Silver,1,1,4.15,14,Hindi|English,Job Portal,
765,Nagaraj Desai,Pest Control,13,2026-06-01,Gold,1,1,4.61,18,Kannada|English|Hindi|Tamil,Field Recruiter,
766,Bhaskar Reddy,Pest Control,9,2024-11-20,Silver,1,1,4.21,60,Telugu|Kannada,Partner Agency,
767,Sudhakar Naidu,Pest Control,5,2026-07-04,Gold,1,1,4.49,9,Telugu|Kannada|English|Hindi,Online Signup,
768,Ravi Murthy,Electrician,18,2025-10-19,Bronze,0,1,3.80,9,Kannada|English,Walk In,
769,Chandrashekar Poojary,Plumber,9,2025-07-03,Platinum,1,1,4.39,470,Kannada|English|Hindi,Field Recruiter,
770,Irfan Baig,AC Service,11,2024-11-02,Bronze,1,1,3.93,32,Urdu|Hindi|Kannada|English,Referral by Pro,
771,Srinu Yadav,Painter,12,2025-03-22,Gold,1,1,4.40,77,Telugu|Kannada|English|Hindi,Referral by Pro,
772,Sudhakar Prasad,AC Service,9,2025-05-18,Gold,1,0,4.33,97,Telugu|Kannada|English,Field Recruiter,2026-07-10
773,Sandeep Gupta,Carpenter,6,2026-06-03,Platinum,1,1,4.48,42,Hindi|English|Kannada,Field Recruiter,
774,Ajay Pandey,Plumber,5,2025-09-23,Silver,1,1,4.10,57,Hindi|English|Kannada,Referral by Pro,
775,Ganesh Patil,Appliance Repair,15,2024-10-01,Bronze,1,1,4.07,15,Kannada|English,Referral by Pro,
776,Basavaraj Kumar,Painter,1,2025-06-08,Bronze,1,1,4.03,16,Kannada|English|Hindi,Field Recruiter,
777,Umesh Rao,Appliance Repair,1,2024-10-24,Bronze,0,1,4.12,8,Kannada|English|Hindi|Tamil,Partner Agency,
778,Sudhakar Naidu,Appliance Repair,7,2025-06-28,Silver,1,1,4.06,26,Telugu|Kannada|English|Hindi,Online Signup,
779,Arun Nadar,Appliance Repair,9,2024-06-30,Platinum,1,1,4.33,163,Tamil|Kannada,Referral by Pro,
780,Praveen Yadav,Painter,14,2026-02-03,Silver,1,1,4.03,16,Telugu|Kannada,Referral by Pro,
781,Zareena Sait,Pest Control,12,2026-06-07,Bronze,1,1,4.13,4,Urdu|Hindi,Walk In,
782,Sunil Yadav,Appliance Repair,14,2024-07-21,Bronze,0,1,4.19,46,Hindi|English|Kannada,Walk In,
783,Rukhsana Pasha,Appliance Repair,20,2026-05-02,Bronze,1,1,4.16,1,Urdu|Hindi|Kannada,Referral by Pro,
784,Harish Shetty,Appliance Repair,5,2026-07-04,Bronze,1,1,4.16,1,Kannada|English,Partner Agency,
785,Saravanan Sundaram,Pest Control,1,2024-06-10,Gold,1,1,4.34,116,Tamil|Kannada,Field Recruiter,
786,Mohammed Hussain,Appliance Repair,11,2025-05-04,Silver,1,1,4.11,102,Urdu|Hindi,Online Signup,
787,Basavaraj Murthy,Appliance Repair,7,2024-08-02,Silver,1,1,4.38,21,Kannada|English,Walk In,
788,Sunita Mishra,Deep Cleaning,12,2025-11-28,Bronze,1,1,4.04,1,Hindi|English|Kannada,Job Portal,
789,Nasreen Ahmed,Deep Cleaning,2,2026-07-15,Silver,1,1,3.97,10,Urdu|Hindi|Kannada|English,Walk In,
790,Srinivas Rao,AC Service,3,2024-06-11,Bronze,1,0,4.05,0,Kannada|English|Hindi|Tamil,Partner Agency,2025-02-18
791,Karthik Subramanian,Plumber,5,2026-03-15,Silver,0,1,4.23,6,Tamil|Kannada|English,Field Recruiter,
792,Nadeem Pasha,Electrician,5,2025-12-10,Gold,1,1,4.28,110,Urdu|Hindi|Kannada,Online Signup,
793,Selvam Natarajan,Carpenter,16,2025-04-04,Bronze,0,0,3.74,7,Tamil|Kannada|English,Online Signup,2026-05-04
794,Basavaraj Bhat,Carpenter,10,2024-11-20,Platinum,1,1,4.38,443,Kannada|English,Job Portal,
795,Senthil Velu,Electrician,1,2024-11-16,Bronze,1,1,3.90,21,Tamil|Kannada,Job Portal,
796,Wasim Sait,Plumber,9,2025-04-16,Gold,1,1,4.30,131,Urdu|Hindi|Kannada|English,Field Recruiter,
797,Padma Poojary,Pest Control,11,2024-12-24,Silver,0,1,4.38,43,Kannada|English,Referral by Pro,
798,Pankaj Verma,Painter,20,2025-12-31,Gold,1,1,4.24,31,Hindi|English|Kannada,Partner Agency,
799,Bhaskar Prasad,Pest Control,3,2025-12-17,Bronze,1,1,3.97,20,Telugu|Kannada,Field Recruiter,
800,Dharmendra Gupta,Pest Control,5,2026-01-21,Silver,1,1,4.23,21,Hindi|English|Kannada,Walk In,
801,Prabhu Natarajan,Plumber,15,2024-07-14,Silver,1,1,4.04,52,Tamil|Kannada,Field Recruiter,
802,Praveen Naidu,AC Service,5,2025-01-31,Bronze,0,1,4.28,5,Telugu|Kannada|English,Job Portal,
803,Saravanan Nadar,AC Service,8,2024-11-28,Gold,1,1,4.34,197,Tamil|Kannada,Field Recruiter,
804,Padma Shetty,Deep Cleaning,10,2024-11-12,Bronze,1,1,3.98,29,Kannada|English,Online Signup,
805,Umesh Poojary,Carpenter,1,2024-09-06,Bronze,1,0,4.05,0,Kannada|English|Hindi|Tamil,Field Recruiter,2024-11-28
806,Praveen Chowdary,Appliance Repair,5,2024-07-12,Silver,1,1,4.09,30,Telugu|Kannada|English,Field Recruiter,
807,Altaf Sait,Appliance Repair,7,2025-11-29,Gold,1,0,4.44,31,Urdu|Hindi|Kannada,Referral by Pro,2026-04-13
808,Shobha Achar,Deep Cleaning,5,2025-03-04,Silver,1,0,4.06,31,Kannada|English|Hindi|Tamil,Field Recruiter,2025-11-17
809,Selvam Pillai,AC Service,15,2024-10-30,Silver,1,0,3.97,8,Tamil|Kannada,Walk In,2025-12-20
810,Rajkumar Gupta,Appliance Repair,6,2025-03-12,Gold,1,1,4.36,172,Hindi|English|Kannada|Urdu,Field Recruiter,
811,Kiran Mishra,Deep Cleaning,16,2026-02-04,Bronze,1,1,3.91,15,Hindi|English|Kannada,Field Recruiter,
812,Riyaz Sheikh,AC Service,11,2024-06-23,Bronze,1,1,4.10,42,Urdu|Hindi|Kannada,Online Signup,
813,Shankar Kulkarni,Appliance Repair,1,2024-06-01,Bronze,1,1,3.82,25,Kannada|English|Hindi,Field Recruiter,
814,Chandra Naidu,Electrician,12,2026-07-13,Bronze,0,1,3.78,7,Telugu|Kannada|English,Online Signup,
815,Deepak Verma,AC Service,3,2026-06-30,Gold,1,1,4.29,16,Hindi|English,Field Recruiter,
816,Srinu Chowdary,Plumber,14,2025-09-18,Bronze,0,1,4.04,8,Telugu|Kannada|English,Walk In,
817,Nagendra Chowdary,AC Service,6,2025-04-09,Platinum,1,1,4.47,384,Telugu|Kannada|English|Hindi,Field Recruiter,
818,Vikas Pandey,Appliance Repair,20,2024-12-30,Silver,1,1,4.28,29,Hindi|English|Kannada,Partner Agency,
819,Jayanthi Shetty,Electrician,3,2024-10-08,Silver,1,1,4.24,74,Kannada|English|Hindi|Tamil,Walk In,
820,Mohammed Ahmed,Appliance Repair,13,2025-08-22,Bronze,0,1,4.18,13,Urdu|Hindi|Kannada|English,Field Recruiter,
821,Firoz Sheikh,AC Service,4,2025-07-18,Bronze,1,1,3.97,20,Urdu|Hindi,Online Signup,
822,Wasim Qureshi,Carpenter,7,2024-06-04,Platinum,1,1,4.26,134,Urdu|Hindi|Kannada,Partner Agency,
823,Praveen Reddy,Electrician,13,2024-11-02,Gold,1,1,4.40,66,Telugu|Kannada|English|Hindi,Online Signup,
824,Sanjay Gupta,Appliance Repair,3,2025-10-31,Bronze,1,1,4.03,6,Hindi|English|Kannada|Urdu,Field Recruiter,
825,Muthu Chettiar,Deep Cleaning,1,2024-07-02,Silver,1,1,4.06,76,Tamil|Kannada,Referral by Pro,
826,Murugan Natarajan,Plumber,4,2026-07-27,Gold,1,1,4.17,9,Tamil|Kannada|English|Telugu,Online Signup,
827,Nagendra Reddy,Appliance Repair,1,2025-12-01,Silver,1,1,4.45,18,Telugu|Kannada|English,Partner Agency,
828,Shivakumar Gouda,Plumber,14,2024-10-13,Bronze,0,1,3.92,64,Kannada|English,Referral by Pro,
829,Rajesh Krishnan,Pest Control,15,2025-08-22,Bronze,1,1,3.77,12,Tamil|Kannada,Referral by Pro,
830,Nagendra Yadav,Plumber,12,2026-02-11,Silver,1,1,4.14,40,Telugu|Kannada|English|Hindi,Partner Agency,
831,Mallikarjun Shetty,AC Service,17,2025-07-12,Gold,1,1,4.32,80,Kannada|English|Hindi|Tamil,Partner Agency,
832,Meera Verma,Deep Cleaning,12,2026-05-28,Gold,1,1,4.40,15,Hindi|English|Kannada,Referral by Pro,
833,Sameer Qureshi,Electrician,11,2025-06-17,Bronze,1,1,3.87,54,Urdu|Hindi|Kannada,Partner Agency,
834,Wasim Hussain,Painter,14,2026-07-30,Gold,1,1,4.64,2,Urdu|Hindi|Kannada,Job Portal,
835,Shankar Poojary,Electrician,8,2025-12-11,Bronze,0,1,3.85,29,Kannada|English|Hindi,Online Signup,
836,Rakesh Gupta,Carpenter,11,2025-06-17,Silver,1,1,4.25,28,Hindi|English|Kannada,Job Portal,
837,Savitha Gouda,Plumber,6,2025-04-07,Silver,1,1,4.28,105,Kannada|English|Hindi|Tamil,Partner Agency,
838,Bhagya Kulkarni,Deep Cleaning,13,2026-07-04,Silver,1,1,4.32,8,Kannada|English|Hindi,Field Recruiter,
839,Venkatesh Kumar,Appliance Repair,4,2024-08-13,Silver,1,1,4.27,42,Kannada|English|Hindi|Tamil,Walk In,
840,Javed Khan,Plumber,2,2026-04-26,Silver,1,1,4.40,29,Urdu|Hindi|Kannada|English,Field Recruiter,
841,Chandra Naidu,Plumber,3,2024-08-07,Silver,1,1,4.10,75,Telugu|Kannada,Referral by Pro,
842,Bala Pillai,Carpenter,5,2026-03-31,Silver,1,1,4.24,8,Tamil|Kannada|English,Field Recruiter,
843,Suresh Naik,Carpenter,4,2025-06-02,Bronze,0,1,4.17,13,Kannada|English,Field Recruiter,
844,Sanjay Mishra,Electrician,2,2024-11-07,Bronze,1,1,3.98,45,Hindi|English|Kannada,Online Signup,
845,Mahadev Rao,Painter,2,2026-05-29,Silver,1,1,3.90,12,Kannada|English|Hindi|Tamil,Field Recruiter,
846,Bhaskar Reddy,Deep Cleaning,5,2024-10-23,Silver,1,1,4.17,23,Telugu|Kannada,Referral by Pro,
847,Chandrashekar Bhat,AC Service,7,2026-01-29,Silver,1,1,4.24,24,Kannada|English|Hindi,Online Signup,
848,Sirisha Varma,Plumber,2,2024-10-16,Silver,1,1,4.19,146,Telugu|Kannada,Field Recruiter,
849,Uma Sundaram,Deep Cleaning,2,2026-02-02,Gold,1,1,4.30,34,Tamil|Kannada|English|Telugu,Job Portal,
850,Rafiq Hussain,Electrician,7,2025-07-08,Gold,1,1,4.22,107,Urdu|Hindi|Kannada|English,Field Recruiter,
