DateKey,Date,Year,Quarter,MonthNo,MonthName,MonthYear,MonthYearSort,WeekNo,DayName,DayOfWeekNo,IsWeekend,IsMonsoon,IsFestivalWindow,FestivalName,IsMonthEnd,FiscalYear,FiscalQuarter,IsHoliday,DaysFromToday
20250101,2025-01-01,2025,Q1,1,January,Jan 2025,202501,1,Wednesday,3,0,0,0,New Year Day,0,FY24-25,Q4,1,-607
20250102,2025-01-02,2025,Q1,1,January,Jan 2025,202501,1,Thursday,4,0,0,0,,0,FY24-25,Q4,0,-606
20250103,2025-01-03,2025,Q1,1,January,Jan 2025,202501,1,Friday,5,0,0,0,,0,FY24-25,Q4,0,-605
20250104,2025-01-04,2025,Q1,1,January,Jan 2025,202501,1,Saturday,6,1,0,0,,0,FY24-25,Q4,0,-604
20250105,2025-01-05,2025,Q1,1,January,Jan 2025,202501,1,Sunday,7,1,0,0,,0,FY24-25,Q4,0,-603
20250106,2025-01-06,2025,Q1,1,January,Jan 2025,202501,2,Monday,1,0,0,0,,0,FY24-25,Q4,0,-602
20250107,2025-01-07,2025,Q1,1,January,Jan 2025,202501,2,Tuesday,2,0,0,0,,0,FY24-25,Q4,0,-601
20250108,2025-01-08,2025,Q1,1,January,Jan 2025,202501,2,Wednesday,3,0,0,0,,0,FY24-25,Q4,0,-600
20250109,2025-01-09,2025,Q1,1,January,Jan 2025,202501,2,Thursday,4,0,0,0,,0,FY24-25,Q4,0,-599
20250110,2025-01-10,2025,Q1,1,January,Jan 2025,202501,2,Friday,5,0,0,1,Sankranti,0,FY24-25,Q4,0,-598
20250111,2025-01-11,2025,Q1,1,January,Jan 2025,202501,2,Saturday,6,1,0,1,Sankranti,0,FY24-25,Q4,0,-597
20250112,2025-01-12,2025,Q1,1,January,Jan 2025,202501,2,Sunday,7,1,0,1,Sankranti,0,FY24-25,Q4,0,-596
20250113,2025-01-13,2025,Q1,1,January,Jan 2025,202501,3,Monday,1,0,0,1,Sankranti,0,FY24-25,Q4,0,-595
20250114,2025-01-14,2025,Q1,1,January,Jan 2025,202501,3,Tuesday,2,0,0,1,Makar Sankranti,0,FY24-25,Q4,1,-594
20250115,2025-01-15,2025,Q1,1,January,Jan 2025,202501,3,Wednesday,3,0,0,1,Sankranti,0,FY24-25,Q4,0,-593
20250116,2025-01-16,2025,Q1,1,January,Jan 2025,202501,3,Thursday,4,0,0,1,Sankranti,0,FY24-25,Q4,0,-592
20250117,2025-01-17,2025,Q1,1,January,Jan 2025,202501,3,Friday,5,0,0,1,Sankranti,0,FY24-25,Q4,0,-591
20250118,2025-01-18,2025,Q1,1,January,Jan 2025,202501,3,Saturday,6,1,0,0,,0,FY24-25,Q4,0,-590
20250119,2025-01-19,2025,Q1,1,January,Jan 2025,202501,3,Sunday,7,1,0,0,,0,FY24-25,Q4,0,-589
20250120,2025-01-20,2025,Q1,1,January,Jan 2025,202501,4,Monday,1,0,0,0,,0,FY24-25,Q4,0,-588
20250121,2025-01-21,2025,Q1,1,January,Jan 2025,202501,4,Tuesday,2,0,0,0,,0,FY24-25,Q4,0,-587
20250122,2025-01-22,2025,Q1,1,January,Jan 2025,202501,4,Wednesday,3,0,0,0,,0,FY24-25,Q4,0,-586
20250123,2025-01-23,2025,Q1,1,January,Jan 2025,202501,4,Thursday,4,0,0,0,,0,FY24-25,Q4,0,-585
20250124,2025-01-24,2025,Q1,1,January,Jan 2025,202501,4,Friday,5,0,0,0,,0,FY24-25,Q4,0,-584
20250125,2025-01-25,2025,Q1,1,January,Jan 2025,202501,4,Saturday,6,1,0,0,,0,FY24-25,Q4,0,-583
20250126,2025-01-26,2025,Q1,1,January,Jan 2025,202501,4,Sunday,7,1,0,0,Republic Day,0,FY24-25,Q4,1,-582
20250127,2025-01-27,2025,Q1,1,January,Jan 2025,202501,5,Monday,1,0,0,0,,1,FY24-25,Q4,0,-581
20250128,2025-01-28,2025,Q1,1,January,Jan 2025,202501,5,Tuesday,2,0,0,0,,1,FY24-25,Q4,0,-580
20250129,2025-01-29,2025,Q1,1,January,Jan 2025,202501,5,Wednesday,3,0,0,0,,1,FY24-25,Q4,0,-579
20250130,2025-01-30,2025,Q1,1,January,Jan 2025,202501,5,Thursday,4,0,0,0,,1,FY24-25,Q4,0,-578
20250131,2025-01-31,2025,Q1,1,January,Jan 2025,202501,5,Friday,5,0,0,0,,1,FY24-25,Q4,0,-577
20250201,2025-02-01,2025,Q1,2,February,Feb 2025,202502,5,Saturday,6,1,0,0,,0,FY24-25,Q4,0,-576
20250202,2025-02-02,2025,Q1,2,February,Feb 2025,202502,5,Sunday,7,1,0,0,,0,FY24-25,Q4,0,-575
20250203,2025-02-03,2025,Q1,2,February,Feb 2025,202502,6,Monday,1,0,0,0,,0,FY24-25,Q4,0,-574
20250204,2025-02-04,2025,Q1,2,February,Feb 2025,202502,6,Tuesday,2,0,0,0,,0,FY24-25,Q4,0,-573
20250205,2025-02-05,2025,Q1,2,February,Feb 2025,202502,6,Wednesday,3,0,0,0,,0,FY24-25,Q4,0,-572
20250206,2025-02-06,2025,Q1,2,February,Feb 2025,202502,6,Thursday,4,0,0,0,,0,FY24-25,Q4,0,-571
20250207,2025-02-07,2025,Q1,2,February,Feb 2025,202502,6,Friday,5,0,0,0,,0,FY24-25,Q4,0,-570
20250208,2025-02-08,2025,Q1,2,February,Feb 2025,202502,6,Saturday,6,1,0,0,,0,FY24-25,Q4,0,-569
20250209,2025-02-09,2025,Q1,2,February,Feb 2025,202502,6,Sunday,7,1,0,0,,0,FY24-25,Q4,0,-568
20250210,2025-02-10,2025,Q1,2,February,Feb 2025,202502,7,Monday,1,0,0,0,,0,FY24-25,Q4,0,-567
20250211,2025-02-11,2025,Q1,2,February,Feb 2025,202502,7,Tuesday,2,0,0,0,,0,FY24-25,Q4,0,-566
20250212,2025-02-12,2025,Q1,2,February,Feb 2025,202502,7,Wednesday,3,0,0,0,,0,FY24-25,Q4,0,-565
20250213,2025-02-13,2025,Q1,2,February,Feb 2025,202502,7,Thursday,4,0,0,0,,0,FY24-25,Q4,0,-564
20250214,2025-02-14,2025,Q1,2,February,Feb 2025,202502,7,Friday,5,0,0,0,,0,FY24-25,Q4,0,-563
20250215,2025-02-15,2025,Q1,2,February,Feb 2025,202502,7,Saturday,6,1,0,0,,0,FY24-25,Q4,0,-562
20250216,2025-02-16,2025,Q1,2,February,Feb 2025,202502,7,Sunday,7,1,0,0,,0,FY24-25,Q4,0,-561
20250217,2025-02-17,2025,Q1,2,February,Feb 2025,202502,8,Monday,1,0,0,0,,0,FY24-25,Q4,0,-560
20250218,2025-02-18,2025,Q1,2,February,Feb 2025,202502,8,Tuesday,2,0,0,0,,0,FY24-25,Q4,0,-559
20250219,2025-02-19,2025,Q1,2,February,Feb 2025,202502,8,Wednesday,3,0,0,0,,0,FY24-25,Q4,0,-558
20250220,2025-02-20,2025,Q1,2,February,Feb 2025,202502,8,Thursday,4,0,0,0,,0,FY24-25,Q4,0,-557
20250221,2025-02-21,2025,Q1,2,February,Feb 2025,202502,8,Friday,5,0,0,0,,0,FY24-25,Q4,0,-556
20250222,2025-02-22,2025,Q1,2,February,Feb 2025,202502,8,Saturday,6,1,0,0,,0,FY24-25,Q4,0,-555
20250223,2025-02-23,2025,Q1,2,February,Feb 2025,202502,8,Sunday,7,1,0,0,,0,FY24-25,Q4,0,-554
20250224,2025-02-24,2025,Q1,2,February,Feb 2025,202502,9,Monday,1,0,0,0,,1,FY24-25,Q4,0,-553
20250225,2025-02-25,2025,Q1,2,February,Feb 2025,202502,9,Tuesday,2,0,0,0,,1,FY24-25,Q4,0,-552
20250226,2025-02-26,2025,Q1,2,February,Feb 2025,202502,9,Wednesday,3,0,0,0,Maha Shivaratri,1,FY24-25,Q4,1,-551
20250227,2025-02-27,2025,Q1,2,February,Feb 2025,202502,9,Thursday,4,0,0,0,,1,FY24-25,Q4,0,-550
20250228,2025-02-28,2025,Q1,2,February,Feb 2025,202502,9,Friday,5,0,0,0,,1,FY24-25,Q4,0,-549
20250301,2025-03-01,2025,Q1,3,March,Mar 2025,202503,9,Saturday,6,1,0,0,,0,FY24-25,Q4,0,-548
20250302,2025-03-02,2025,Q1,3,March,Mar 2025,202503,9,Sunday,7,1,0,0,,0,FY24-25,Q4,0,-547
20250303,2025-03-03,2025,Q1,3,March,Mar 2025,202503,10,Monday,1,0,0,0,,0,FY24-25,Q4,0,-546
20250304,2025-03-04,2025,Q1,3,March,Mar 2025,202503,10,Tuesday,2,0,0,0,,0,FY24-25,Q4,0,-545
20250305,2025-03-05,2025,Q1,3,March,Mar 2025,202503,10,Wednesday,3,0,0,0,,0,FY24-25,Q4,0,-544
20250306,2025-03-06,2025,Q1,3,March,Mar 2025,202503,10,Thursday,4,0,0,0,,0,FY24-25,Q4,0,-543
20250307,2025-03-07,2025,Q1,3,March,Mar 2025,202503,10,Friday,5,0,0,0,,0,FY24-25,Q4,0,-542
20250308,2025-03-08,2025,Q1,3,March,Mar 2025,202503,10,Saturday,6,1,0,0,,0,FY24-25,Q4,0,-541
20250309,2025-03-09,2025,Q1,3,March,Mar 2025,202503,10,Sunday,7,1,0,0,,0,FY24-25,Q4,0,-540
20250310,2025-03-10,2025,Q1,3,March,Mar 2025,202503,11,Monday,1,0,0,0,,0,FY24-25,Q4,0,-539
20250311,2025-03-11,2025,Q1,3,March,Mar 2025,202503,11,Tuesday,2,0,0,0,,0,FY24-25,Q4,0,-538
20250312,2025-03-12,2025,Q1,3,March,Mar 2025,202503,11,Wednesday,3,0,0,0,,0,FY24-25,Q4,0,-537
20250313,2025-03-13,2025,Q1,3,March,Mar 2025,202503,11,Thursday,4,0,0,0,,0,FY24-25,Q4,0,-536
20250314,2025-03-14,2025,Q1,3,March,Mar 2025,202503,11,Friday,5,0,0,0,,0,FY24-25,Q4,0,-535
20250315,2025-03-15,2025,Q1,3,March,Mar 2025,202503,11,Saturday,6,1,0,1,Ugadi,0,FY24-25,Q4,0,-534
20250316,2025-03-16,2025,Q1,3,March,Mar 2025,202503,11,Sunday,7,1,0,1,Ugadi,0,FY24-25,Q4,0,-533
20250317,2025-03-17,2025,Q1,3,March,Mar 2025,202503,12,Monday,1,0,0,1,Ugadi,0,FY24-25,Q4,0,-532
20250318,2025-03-18,2025,Q1,3,March,Mar 2025,202503,12,Tuesday,2,0,0,1,Ugadi,0,FY24-25,Q4,0,-531
20250319,2025-03-19,2025,Q1,3,March,Mar 2025,202503,12,Wednesday,3,0,0,1,Ugadi,0,FY24-25,Q4,0,-530
20250320,2025-03-20,2025,Q1,3,March,Mar 2025,202503,12,Thursday,4,0,0,1,Ugadi,0,FY24-25,Q4,0,-529
20250321,2025-03-21,2025,Q1,3,March,Mar 2025,202503,12,Friday,5,0,0,1,Ugadi,0,FY24-25,Q4,0,-528
20250322,2025-03-22,2025,Q1,3,March,Mar 2025,202503,12,Saturday,6,1,0,1,Ugadi,0,FY24-25,Q4,0,-527
20250323,2025-03-23,2025,Q1,3,March,Mar 2025,202503,12,Sunday,7,1,0,1,Ugadi,0,FY24-25,Q4,0,-526
20250324,2025-03-24,2025,Q1,3,March,Mar 2025,202503,13,Monday,1,0,0,1,Ugadi,0,FY24-25,Q4,0,-525
20250325,2025-03-25,2025,Q1,3,March,Mar 2025,202503,13,Tuesday,2,0,0,1,Ugadi,0,FY24-25,Q4,0,-524
20250326,2025-03-26,2025,Q1,3,March,Mar 2025,202503,13,Wednesday,3,0,0,1,Ugadi,0,FY24-25,Q4,0,-523
20250327,2025-03-27,2025,Q1,3,March,Mar 2025,202503,13,Thursday,4,0,0,1,Ugadi,1,FY24-25,Q4,0,-522
20250328,2025-03-28,2025,Q1,3,March,Mar 2025,202503,13,Friday,5,0,0,1,Ugadi,1,FY24-25,Q4,0,-521
20250329,2025-03-29,2025,Q1,3,March,Mar 2025,202503,13,Saturday,6,1,0,1,Ugadi,1,FY24-25,Q4,0,-520
20250330,2025-03-30,2025,Q1,3,March,Mar 2025,202503,13,Sunday,7,1,0,1,Ugadi,1,FY24-25,Q4,1,-519
20250331,2025-03-31,2025,Q1,3,March,Mar 2025,202503,14,Monday,1,0,0,1,Ramzan,1,FY24-25,Q4,1,-518
20250401,2025-04-01,2025,Q2,4,April,Apr 2025,202504,14,Tuesday,2,0,0,1,Ugadi,0,FY25-26,Q1,0,-517
20250402,2025-04-02,2025,Q2,4,April,Apr 2025,202504,14,Wednesday,3,0,0,1,Ugadi,0,FY25-26,Q1,0,-516
20250403,2025-04-03,2025,Q2,4,April,Apr 2025,202504,14,Thursday,4,0,0,1,Ugadi,0,FY25-26,Q1,0,-515
20250404,2025-04-04,2025,Q2,4,April,Apr 2025,202504,14,Friday,5,0,0,1,Ugadi,0,FY25-26,Q1,0,-514
20250405,2025-04-05,2025,Q2,4,April,Apr 2025,202504,14,Saturday,6,1,0,1,Ugadi,0,FY25-26,Q1,0,-513
20250406,2025-04-06,2025,Q2,4,April,Apr 2025,202504,14,Sunday,7,1,0,0,Ram Navami,0,FY25-26,Q1,1,-512
20250407,2025-04-07,2025,Q2,4,April,Apr 2025,202504,15,Monday,1,0,0,0,,0,FY25-26,Q1,0,-511
20250408,2025-04-08,2025,Q2,4,April,Apr 2025,202504,15,Tuesday,2,0,0,0,,0,FY25-26,Q1,0,-510
20250409,2025-04-09,2025,Q2,4,April,Apr 2025,202504,15,Wednesday,3,0,0,0,,0,FY25-26,Q1,0,-509
20250410,2025-04-10,2025,Q2,4,April,Apr 2025,202504,15,Thursday,4,0,0,0,,0,FY25-26,Q1,0,-508
20250411,2025-04-11,2025,Q2,4,April,Apr 2025,202504,15,Friday,5,0,0,0,,0,FY25-26,Q1,0,-507
20250412,2025-04-12,2025,Q2,4,April,Apr 2025,202504,15,Saturday,6,1,0,0,,0,FY25-26,Q1,0,-506
20250413,2025-04-13,2025,Q2,4,April,Apr 2025,202504,15,Sunday,7,1,0,0,,0,FY25-26,Q1,0,-505
20250414,2025-04-14,2025,Q2,4,April,Apr 2025,202504,16,Monday,1,0,0,0,,0,FY25-26,Q1,0,-504
20250415,2025-04-15,2025,Q2,4,April,Apr 2025,202504,16,Tuesday,2,0,0,0,,0,FY25-26,Q1,0,-503
20250416,2025-04-16,2025,Q2,4,April,Apr 2025,202504,16,Wednesday,3,0,0,0,,0,FY25-26,Q1,0,-502
20250417,2025-04-17,2025,Q2,4,April,Apr 2025,202504,16,Thursday,4,0,0,0,,0,FY25-26,Q1,0,-501
20250418,2025-04-18,2025,Q2,4,April,Apr 2025,202504,16,Friday,5,0,0,0,Good Friday,0,FY25-26,Q1,1,-500
20250419,2025-04-19,2025,Q2,4,April,Apr 2025,202504,16,Saturday,6,1,0,0,,0,FY25-26,Q1,0,-499
20250420,2025-04-20,2025,Q2,4,April,Apr 2025,202504,16,Sunday,7,1,0,0,,0,FY25-26,Q1,0,-498
20250421,2025-04-21,2025,Q2,4,April,Apr 2025,202504,17,Monday,1,0,0,0,,0,FY25-26,Q1,0,-497
20250422,2025-04-22,2025,Q2,4,April,Apr 2025,202504,17,Tuesday,2,0,0,0,,0,FY25-26,Q1,0,-496
20250423,2025-04-23,2025,Q2,4,April,Apr 2025,202504,17,Wednesday,3,0,0,0,,0,FY25-26,Q1,0,-495
20250424,2025-04-24,2025,Q2,4,April,Apr 2025,202504,17,Thursday,4,0,0,0,,0,FY25-26,Q1,0,-494
20250425,2025-04-25,2025,Q2,4,April,Apr 2025,202504,17,Friday,5,0,0,0,,0,FY25-26,Q1,0,-493
20250426,2025-04-26,2025,Q2,4,April,Apr 2025,202504,17,Saturday,6,1,0,0,,1,FY25-26,Q1,0,-492
20250427,2025-04-27,2025,Q2,4,April,Apr 2025,202504,17,Sunday,7,1,0,0,,1,FY25-26,Q1,0,-491
20250428,2025-04-28,2025,Q2,4,April,Apr 2025,202504,18,Monday,1,0,0,0,,1,FY25-26,Q1,0,-490
20250429,2025-04-29,2025,Q2,4,April,Apr 2025,202504,18,Tuesday,2,0,0,0,,1,FY25-26,Q1,0,-489
20250430,2025-04-30,2025,Q2,4,April,Apr 2025,202504,18,Wednesday,3,0,0,0,,1,FY25-26,Q1,0,-488
20250501,2025-05-01,2025,Q2,5,May,May 2025,202505,18,Thursday,4,0,0,0,May Day,0,FY25-26,Q1,1,-487
20250502,2025-05-02,2025,Q2,5,May,May 2025,202505,18,Friday,5,0,0,0,,0,FY25-26,Q1,0,-486
20250503,2025-05-03,2025,Q2,5,May,May 2025,202505,18,Saturday,6,1,0,0,,0,FY25-26,Q1,0,-485
20250504,2025-05-04,2025,Q2,5,May,May 2025,202505,18,Sunday,7,1,0,0,,0,FY25-26,Q1,0,-484
20250505,2025-05-05,2025,Q2,5,May,May 2025,202505,19,Monday,1,0,0,0,,0,FY25-26,Q1,0,-483
20250506,2025-05-06,2025,Q2,5,May,May 2025,202505,19,Tuesday,2,0,0,0,,0,FY25-26,Q1,0,-482
20250507,2025-05-07,2025,Q2,5,May,May 2025,202505,19,Wednesday,3,0,0,0,,0,FY25-26,Q1,0,-481
20250508,2025-05-08,2025,Q2,5,May,May 2025,202505,19,Thursday,4,0,0,0,,0,FY25-26,Q1,0,-480
20250509,2025-05-09,2025,Q2,5,May,May 2025,202505,19,Friday,5,0,0,0,,0,FY25-26,Q1,0,-479
20250510,2025-05-10,2025,Q2,5,May,May 2025,202505,19,Saturday,6,1,0,0,,0,FY25-26,Q1,0,-478
20250511,2025-05-11,2025,Q2,5,May,May 2025,202505,19,Sunday,7,1,0,0,,0,FY25-26,Q1,0,-477
20250512,2025-05-12,2025,Q2,5,May,May 2025,202505,20,Monday,1,0,0,0,,0,FY25-26,Q1,0,-476
20250513,2025-05-13,2025,Q2,5,May,May 2025,202505,20,Tuesday,2,0,0,0,,0,FY25-26,Q1,0,-475
20250514,2025-05-14,2025,Q2,5,May,May 2025,202505,20,Wednesday,3,0,0,0,,0,FY25-26,Q1,0,-474
20250515,2025-05-15,2025,Q2,5,May,May 2025,202505,20,Thursday,4,0,0,0,,0,FY25-26,Q1,0,-473
20250516,2025-05-16,2025,Q2,5,May,May 2025,202505,20,Friday,5,0,0,0,,0,FY25-26,Q1,0,-472
20250517,2025-05-17,2025,Q2,5,May,May 2025,202505,20,Saturday,6,1,0,0,,0,FY25-26,Q1,0,-471
20250518,2025-05-18,2025,Q2,5,May,May 2025,202505,20,Sunday,7,1,0,0,,0,FY25-26,Q1,0,-470
20250519,2025-05-19,2025,Q2,5,May,May 2025,202505,21,Monday,1,0,0,0,,0,FY25-26,Q1,0,-469
20250520,2025-05-20,2025,Q2,5,May,May 2025,202505,21,Tuesday,2,0,0,0,,0,FY25-26,Q1,0,-468
20250521,2025-05-21,2025,Q2,5,May,May 2025,202505,21,Wednesday,3,0,0,0,,0,FY25-26,Q1,0,-467
20250522,2025-05-22,2025,Q2,5,May,May 2025,202505,21,Thursday,4,0,0,0,,0,FY25-26,Q1,0,-466
20250523,2025-05-23,2025,Q2,5,May,May 2025,202505,21,Friday,5,0,0,0,,0,FY25-26,Q1,0,-465
20250524,2025-05-24,2025,Q2,5,May,May 2025,202505,21,Saturday,6,1,0,0,,0,FY25-26,Q1,0,-464
20250525,2025-05-25,2025,Q2,5,May,May 2025,202505,21,Sunday,7,1,0,0,,0,FY25-26,Q1,0,-463
20250526,2025-05-26,2025,Q2,5,May,May 2025,202505,22,Monday,1,0,0,0,,0,FY25-26,Q1,0,-462
20250527,2025-05-27,2025,Q2,5,May,May 2025,202505,22,Tuesday,2,0,0,0,,1,FY25-26,Q1,0,-461
20250528,2025-05-28,2025,Q2,5,May,May 2025,202505,22,Wednesday,3,0,0,0,,1,FY25-26,Q1,0,-460
20250529,2025-05-29,2025,Q2,5,May,May 2025,202505,22,Thursday,4,0,0,0,,1,FY25-26,Q1,0,-459
20250530,2025-05-30,2025,Q2,5,May,May 2025,202505,22,Friday,5,0,0,0,,1,FY25-26,Q1,0,-458
20250531,2025-05-31,2025,Q2,5,May,May 2025,202505,22,Saturday,6,1,0,0,,1,FY25-26,Q1,0,-457
20250601,2025-06-01,2025,Q2,6,June,Jun 2025,202506,22,Sunday,7,1,1,0,,0,FY25-26,Q1,0,-456
20250602,2025-06-02,2025,Q2,6,June,Jun 2025,202506,23,Monday,1,0,1,0,,0,FY25-26,Q1,0,-455
20250603,2025-06-03,2025,Q2,6,June,Jun 2025,202506,23,Tuesday,2,0,1,0,,0,FY25-26,Q1,0,-454
20250604,2025-06-04,2025,Q2,6,June,Jun 2025,202506,23,Wednesday,3,0,1,0,,0,FY25-26,Q1,0,-453
20250605,2025-06-05,2025,Q2,6,June,Jun 2025,202506,23,Thursday,4,0,1,0,,0,FY25-26,Q1,0,-452
20250606,2025-06-06,2025,Q2,6,June,Jun 2025,202506,23,Friday,5,0,1,0,,0,FY25-26,Q1,0,-451
20250607,2025-06-07,2025,Q2,6,June,Jun 2025,202506,23,Saturday,6,1,1,0,Bakrid,0,FY25-26,Q1,1,-450
20250608,2025-06-08,2025,Q2,6,June,Jun 2025,202506,23,Sunday,7,1,1,0,,0,FY25-26,Q1,0,-449
20250609,2025-06-09,2025,Q2,6,June,Jun 2025,202506,24,Monday,1,0,1,0,,0,FY25-26,Q1,0,-448
20250610,2025-06-10,2025,Q2,6,June,Jun 2025,202506,24,Tuesday,2,0,1,0,,0,FY25-26,Q1,0,-447
20250611,2025-06-11,2025,Q2,6,June,Jun 2025,202506,24,Wednesday,3,0,1,0,,0,FY25-26,Q1,0,-446
20250612,2025-06-12,2025,Q2,6,June,Jun 2025,202506,24,Thursday,4,0,1,0,,0,FY25-26,Q1,0,-445
20250613,2025-06-13,2025,Q2,6,June,Jun 2025,202506,24,Friday,5,0,1,0,,0,FY25-26,Q1,0,-444
20250614,2025-06-14,2025,Q2,6,June,Jun 2025,202506,24,Saturday,6,1,1,0,,0,FY25-26,Q1,0,-443
20250615,2025-06-15,2025,Q2,6,June,Jun 2025,202506,24,Sunday,7,1,1,0,,0,FY25-26,Q1,0,-442
20250616,2025-06-16,2025,Q2,6,June,Jun 2025,202506,25,Monday,1,0,1,0,,0,FY25-26,Q1,0,-441
20250617,2025-06-17,2025,Q2,6,June,Jun 2025,202506,25,Tuesday,2,0,1,0,,0,FY25-26,Q1,0,-440
20250618,2025-06-18,2025,Q2,6,June,Jun 2025,202506,25,Wednesday,3,0,1,0,,0,FY25-26,Q1,0,-439
20250619,2025-06-19,2025,Q2,6,June,Jun 2025,202506,25,Thursday,4,0,1,0,,0,FY25-26,Q1,0,-438
20250620,2025-06-20,2025,Q2,6,June,Jun 2025,202506,25,Friday,5,0,1,0,,0,FY25-26,Q1,0,-437
20250621,2025-06-21,2025,Q2,6,June,Jun 2025,202506,25,Saturday,6,1,1,0,,0,FY25-26,Q1,0,-436
20250622,2025-06-22,2025,Q2,6,June,Jun 2025,202506,25,Sunday,7,1,1,0,,0,FY25-26,Q1,0,-435
20250623,2025-06-23,2025,Q2,6,June,Jun 2025,202506,26,Monday,1,0,1,0,,0,FY25-26,Q1,0,-434
20250624,2025-06-24,2025,Q2,6,June,Jun 2025,202506,26,Tuesday,2,0,1,0,,0,FY25-26,Q1,0,-433
20250625,2025-06-25,2025,Q2,6,June,Jun 2025,202506,26,Wednesday,3,0,1,0,,0,FY25-26,Q1,0,-432
20250626,2025-06-26,2025,Q2,6,June,Jun 2025,202506,26,Thursday,4,0,1,0,,1,FY25-26,Q1,0,-431
20250627,2025-06-27,2025,Q2,6,June,Jun 2025,202506,26,Friday,5,0,1,0,,1,FY25-26,Q1,0,-430
20250628,2025-06-28,2025,Q2,6,June,Jun 2025,202506,26,Saturday,6,1,1,0,,1,FY25-26,Q1,0,-429
20250629,2025-06-29,2025,Q2,6,June,Jun 2025,202506,26,Sunday,7,1,1,0,,1,FY25-26,Q1,0,-428
20250630,2025-06-30,2025,Q2,6,June,Jun 2025,202506,27,Monday,1,0,1,0,,1,FY25-26,Q1,0,-427
20250701,2025-07-01,2025,Q3,7,July,Jul 2025,202507,27,Tuesday,2,0,1,0,,0,FY25-26,Q2,0,-426
20250702,2025-07-02,2025,Q3,7,July,Jul 2025,202507,27,Wednesday,3,0,1,0,,0,FY25-26,Q2,0,-425
20250703,2025-07-03,2025,Q3,7,July,Jul 2025,202507,27,Thursday,4,0,1,0,,0,FY25-26,Q2,0,-424
20250704,2025-07-04,2025,Q3,7,July,Jul 2025,202507,27,Friday,5,0,1,0,,0,FY25-26,Q2,0,-423
20250705,2025-07-05,2025,Q3,7,July,Jul 2025,202507,27,Saturday,6,1,1,0,,0,FY25-26,Q2,0,-422
20250706,2025-07-06,2025,Q3,7,July,Jul 2025,202507,27,Sunday,7,1,1,0,,0,FY25-26,Q2,0,-421
20250707,2025-07-07,2025,Q3,7,July,Jul 2025,202507,28,Monday,1,0,1,0,,0,FY25-26,Q2,0,-420
20250708,2025-07-08,2025,Q3,7,July,Jul 2025,202507,28,Tuesday,2,0,1,0,,0,FY25-26,Q2,0,-419
20250709,2025-07-09,2025,Q3,7,July,Jul 2025,202507,28,Wednesday,3,0,1,0,,0,FY25-26,Q2,0,-418
20250710,2025-07-10,2025,Q3,7,July,Jul 2025,202507,28,Thursday,4,0,1,0,,0,FY25-26,Q2,0,-417
20250711,2025-07-11,2025,Q3,7,July,Jul 2025,202507,28,Friday,5,0,1,0,,0,FY25-26,Q2,0,-416
20250712,2025-07-12,2025,Q3,7,July,Jul 2025,202507,28,Saturday,6,1,1,0,,0,FY25-26,Q2,0,-415
20250713,2025-07-13,2025,Q3,7,July,Jul 2025,202507,28,Sunday,7,1,1,0,,0,FY25-26,Q2,0,-414
20250714,2025-07-14,2025,Q3,7,July,Jul 2025,202507,29,Monday,1,0,1,0,,0,FY25-26,Q2,0,-413
20250715,2025-07-15,2025,Q3,7,July,Jul 2025,202507,29,Tuesday,2,0,1,0,,0,FY25-26,Q2,0,-412
20250716,2025-07-16,2025,Q3,7,July,Jul 2025,202507,29,Wednesday,3,0,1,0,,0,FY25-26,Q2,0,-411
20250717,2025-07-17,2025,Q3,7,July,Jul 2025,202507,29,Thursday,4,0,1,0,,0,FY25-26,Q2,0,-410
20250718,2025-07-18,2025,Q3,7,July,Jul 2025,202507,29,Friday,5,0,1,0,,0,FY25-26,Q2,0,-409
20250719,2025-07-19,2025,Q3,7,July,Jul 2025,202507,29,Saturday,6,1,1,0,,0,FY25-26,Q2,0,-408
20250720,2025-07-20,2025,Q3,7,July,Jul 2025,202507,29,Sunday,7,1,1,0,,0,FY25-26,Q2,0,-407
20250721,2025-07-21,2025,Q3,7,July,Jul 2025,202507,30,Monday,1,0,1,0,,0,FY25-26,Q2,0,-406
20250722,2025-07-22,2025,Q3,7,July,Jul 2025,202507,30,Tuesday,2,0,1,0,,0,FY25-26,Q2,0,-405
20250723,2025-07-23,2025,Q3,7,July,Jul 2025,202507,30,Wednesday,3,0,1,0,,0,FY25-26,Q2,0,-404
20250724,2025-07-24,2025,Q3,7,July,Jul 2025,202507,30,Thursday,4,0,1,0,,0,FY25-26,Q2,0,-403
20250725,2025-07-25,2025,Q3,7,July,Jul 2025,202507,30,Friday,5,0,1,0,,0,FY25-26,Q2,0,-402
20250726,2025-07-26,2025,Q3,7,July,Jul 2025,202507,30,Saturday,6,1,1,0,,0,FY25-26,Q2,0,-401
20250727,2025-07-27,2025,Q3,7,July,Jul 2025,202507,30,Sunday,7,1,1,0,,1,FY25-26,Q2,0,-400
20250728,2025-07-28,2025,Q3,7,July,Jul 2025,202507,31,Monday,1,0,1,0,,1,FY25-26,Q2,0,-399
20250729,2025-07-29,2025,Q3,7,July,Jul 2025,202507,31,Tuesday,2,0,1,0,,1,FY25-26,Q2,0,-398
20250730,2025-07-30,2025,Q3,7,July,Jul 2025,202507,31,Wednesday,3,0,1,0,,1,FY25-26,Q2,0,-397
20250731,2025-07-31,2025,Q3,7,July,Jul 2025,202507,31,Thursday,4,0,1,0,,1,FY25-26,Q2,0,-396
20250801,2025-08-01,2025,Q3,8,August,Aug 2025,202508,31,Friday,5,0,1,0,,0,FY25-26,Q2,0,-395
20250802,2025-08-02,2025,Q3,8,August,Aug 2025,202508,31,Saturday,6,1,1,0,,0,FY25-26,Q2,0,-394
20250803,2025-08-03,2025,Q3,8,August,Aug 2025,202508,31,Sunday,7,1,1,0,,0,FY25-26,Q2,0,-393
20250804,2025-08-04,2025,Q3,8,August,Aug 2025,202508,32,Monday,1,0,1,0,,0,FY25-26,Q2,0,-392
20250805,2025-08-05,2025,Q3,8,August,Aug 2025,202508,32,Tuesday,2,0,1,0,,0,FY25-26,Q2,0,-391
20250806,2025-08-06,2025,Q3,8,August,Aug 2025,202508,32,Wednesday,3,0,1,0,,0,FY25-26,Q2,0,-390
20250807,2025-08-07,2025,Q3,8,August,Aug 2025,202508,32,Thursday,4,0,1,0,,0,FY25-26,Q2,0,-389
20250808,2025-08-08,2025,Q3,8,August,Aug 2025,202508,32,Friday,5,0,1,0,Varamahalakshmi,0,FY25-26,Q2,1,-388
20250809,2025-08-09,2025,Q3,8,August,Aug 2025,202508,32,Saturday,6,1,1,0,,0,FY25-26,Q2,0,-387
20250810,2025-08-10,2025,Q3,8,August,Aug 2025,202508,32,Sunday,7,1,1,0,,0,FY25-26,Q2,0,-386
20250811,2025-08-11,2025,Q3,8,August,Aug 2025,202508,33,Monday,1,0,1,0,,0,FY25-26,Q2,0,-385
20250812,2025-08-12,2025,Q3,8,August,Aug 2025,202508,33,Tuesday,2,0,1,0,,0,FY25-26,Q2,0,-384
20250813,2025-08-13,2025,Q3,8,August,Aug 2025,202508,33,Wednesday,3,0,1,0,,0,FY25-26,Q2,0,-383
20250814,2025-08-14,2025,Q3,8,August,Aug 2025,202508,33,Thursday,4,0,1,0,,0,FY25-26,Q2,0,-382
20250815,2025-08-15,2025,Q3,8,August,Aug 2025,202508,33,Friday,5,0,1,0,Independence Day,0,FY25-26,Q2,1,-381
20250816,2025-08-16,2025,Q3,8,August,Aug 2025,202508,33,Saturday,6,1,1,0,,0,FY25-26,Q2,0,-380
20250817,2025-08-17,2025,Q3,8,August,Aug 2025,202508,33,Sunday,7,1,1,0,,0,FY25-26,Q2,0,-379
20250818,2025-08-18,2025,Q3,8,August,Aug 2025,202508,34,Monday,1,0,1,0,,0,FY25-26,Q2,0,-378
20250819,2025-08-19,2025,Q3,8,August,Aug 2025,202508,34,Tuesday,2,0,1,0,,0,FY25-26,Q2,0,-377
20250820,2025-08-20,2025,Q3,8,August,Aug 2025,202508,34,Wednesday,3,0,1,0,,0,FY25-26,Q2,0,-376
20250821,2025-08-21,2025,Q3,8,August,Aug 2025,202508,34,Thursday,4,0,1,0,,0,FY25-26,Q2,0,-375
20250822,2025-08-22,2025,Q3,8,August,Aug 2025,202508,34,Friday,5,0,1,0,,0,FY25-26,Q2,0,-374
20250823,2025-08-23,2025,Q3,8,August,Aug 2025,202508,34,Saturday,6,1,1,0,,0,FY25-26,Q2,0,-373
20250824,2025-08-24,2025,Q3,8,August,Aug 2025,202508,34,Sunday,7,1,1,1,Ganesh Chaturthi,0,FY25-26,Q2,0,-372
20250825,2025-08-25,2025,Q3,8,August,Aug 2025,202508,35,Monday,1,0,1,1,Ganesh Chaturthi,0,FY25-26,Q2,0,-371
20250826,2025-08-26,2025,Q3,8,August,Aug 2025,202508,35,Tuesday,2,0,1,1,Ganesh Chaturthi,0,FY25-26,Q2,0,-370
20250827,2025-08-27,2025,Q3,8,August,Aug 2025,202508,35,Wednesday,3,0,1,1,Ganesh Chaturthi,1,FY25-26,Q2,1,-369
20250828,2025-08-28,2025,Q3,8,August,Aug 2025,202508,35,Thursday,4,0,1,1,Ganesh Chaturthi,1,FY25-26,Q2,0,-368
20250829,2025-08-29,2025,Q3,8,August,Aug 2025,202508,35,Friday,5,0,1,1,Ganesh Chaturthi,1,FY25-26,Q2,0,-367
20250830,2025-08-30,2025,Q3,8,August,Aug 2025,202508,35,Saturday,6,1,1,1,Ganesh Chaturthi,1,FY25-26,Q2,0,-366
20250831,2025-08-31,2025,Q3,8,August,Aug 2025,202508,35,Sunday,7,1,1,1,Ganesh Chaturthi,1,FY25-26,Q2,0,-365
20250901,2025-09-01,2025,Q3,9,September,Sep 2025,202509,36,Monday,1,0,1,1,Ganesh Chaturthi,0,FY25-26,Q2,0,-364
20250902,2025-09-02,2025,Q3,9,September,Sep 2025,202509,36,Tuesday,2,0,1,0,,0,FY25-26,Q2,0,-363
20250903,2025-09-03,2025,Q3,9,September,Sep 2025,202509,36,Wednesday,3,0,1,0,,0,FY25-26,Q2,0,-362
20250904,2025-09-04,2025,Q3,9,September,Sep 2025,202509,36,Thursday,4,0,1,0,,0,FY25-26,Q2,0,-361
20250905,2025-09-05,2025,Q3,9,September,Sep 2025,202509,36,Friday,5,0,1,0,,0,FY25-26,Q2,0,-360
20250906,2025-09-06,2025,Q3,9,September,Sep 2025,202509,36,Saturday,6,1,1,0,,0,FY25-26,Q2,0,-359
20250907,2025-09-07,2025,Q3,9,September,Sep 2025,202509,36,Sunday,7,1,1,0,,0,FY25-26,Q2,0,-358
20250908,2025-09-08,2025,Q3,9,September,Sep 2025,202509,37,Monday,1,0,1,0,,0,FY25-26,Q2,0,-357
20250909,2025-09-09,2025,Q3,9,September,Sep 2025,202509,37,Tuesday,2,0,1,0,,0,FY25-26,Q2,0,-356
20250910,2025-09-10,2025,Q3,9,September,Sep 2025,202509,37,Wednesday,3,0,1,0,,0,FY25-26,Q2,0,-355
20250911,2025-09-11,2025,Q3,9,September,Sep 2025,202509,37,Thursday,4,0,1,0,,0,FY25-26,Q2,0,-354
20250912,2025-09-12,2025,Q3,9,September,Sep 2025,202509,37,Friday,5,0,1,0,,0,FY25-26,Q2,0,-353
20250913,2025-09-13,2025,Q3,9,September,Sep 2025,202509,37,Saturday,6,1,1,0,,0,FY25-26,Q2,0,-352
20250914,2025-09-14,2025,Q3,9,September,Sep 2025,202509,37,Sunday,7,1,1,0,,0,FY25-26,Q2,0,-351
20250915,2025-09-15,2025,Q3,9,September,Sep 2025,202509,38,Monday,1,0,1,0,,0,FY25-26,Q2,0,-350
20250916,2025-09-16,2025,Q3,9,September,Sep 2025,202509,38,Tuesday,2,0,1,0,,0,FY25-26,Q2,0,-349
20250917,2025-09-17,2025,Q3,9,September,Sep 2025,202509,38,Wednesday,3,0,1,0,,0,FY25-26,Q2,0,-348
20250918,2025-09-18,2025,Q3,9,September,Sep 2025,202509,38,Thursday,4,0,1,0,,0,FY25-26,Q2,0,-347
20250919,2025-09-19,2025,Q3,9,September,Sep 2025,202509,38,Friday,5,0,1,0,,0,FY25-26,Q2,0,-346
20250920,2025-09-20,2025,Q3,9,September,Sep 2025,202509,38,Saturday,6,1,1,0,,0,FY25-26,Q2,0,-345
20250921,2025-09-21,2025,Q3,9,September,Sep 2025,202509,38,Sunday,7,1,1,0,,0,FY25-26,Q2,0,-344
20250922,2025-09-22,2025,Q3,9,September,Sep 2025,202509,39,Monday,1,0,1,0,,0,FY25-26,Q2,0,-343
20250923,2025-09-23,2025,Q3,9,September,Sep 2025,202509,39,Tuesday,2,0,1,0,,0,FY25-26,Q2,0,-342
20250924,2025-09-24,2025,Q3,9,September,Sep 2025,202509,39,Wednesday,3,0,1,0,,0,FY25-26,Q2,0,-341
20250925,2025-09-25,2025,Q3,9,September,Sep 2025,202509,39,Thursday,4,0,1,0,,0,FY25-26,Q2,0,-340
20250926,2025-09-26,2025,Q3,9,September,Sep 2025,202509,39,Friday,5,0,1,0,,1,FY25-26,Q2,0,-339
20250927,2025-09-27,2025,Q3,9,September,Sep 2025,202509,39,Saturday,6,1,1,0,,1,FY25-26,Q2,0,-338
20250928,2025-09-28,2025,Q3,9,September,Sep 2025,202509,39,Sunday,7,1,1,0,,1,FY25-26,Q2,0,-337
20250929,2025-09-29,2025,Q3,9,September,Sep 2025,202509,40,Monday,1,0,1,0,,1,FY25-26,Q2,0,-336
20250930,2025-09-30,2025,Q3,9,September,Sep 2025,202509,40,Tuesday,2,0,1,0,,1,FY25-26,Q2,0,-335
20251001,2025-10-01,2025,Q4,10,October,Oct 2025,202510,40,Wednesday,3,0,0,0,Ayudha Puja,0,FY25-26,Q3,1,-334
20251002,2025-10-02,2025,Q4,10,October,Oct 2025,202510,40,Thursday,4,0,0,0,Vijayadashami,0,FY25-26,Q3,1,-333
20251003,2025-10-03,2025,Q4,10,October,Oct 2025,202510,40,Friday,5,0,0,0,,0,FY25-26,Q3,0,-332
20251004,2025-10-04,2025,Q4,10,October,Oct 2025,202510,40,Saturday,6,1,0,0,,0,FY25-26,Q3,0,-331
20251005,2025-10-05,2025,Q4,10,October,Oct 2025,202510,40,Sunday,7,1,0,0,,0,FY25-26,Q3,0,-330
20251006,2025-10-06,2025,Q4,10,October,Oct 2025,202510,41,Monday,1,0,0,0,,0,FY25-26,Q3,0,-329
20251007,2025-10-07,2025,Q4,10,October,Oct 2025,202510,41,Tuesday,2,0,0,0,,0,FY25-26,Q3,0,-328
20251008,2025-10-08,2025,Q4,10,October,Oct 2025,202510,41,Wednesday,3,0,0,0,,0,FY25-26,Q3,0,-327
20251009,2025-10-09,2025,Q4,10,October,Oct 2025,202510,41,Thursday,4,0,0,0,,0,FY25-26,Q3,0,-326
20251010,2025-10-10,2025,Q4,10,October,Oct 2025,202510,41,Friday,5,0,1,0,,0,FY25-26,Q3,0,-325
20251011,2025-10-11,2025,Q4,10,October,Oct 2025,202510,41,Saturday,6,1,1,0,,0,FY25-26,Q3,0,-324
20251012,2025-10-12,2025,Q4,10,October,Oct 2025,202510,41,Sunday,7,1,1,1,Diwali,0,FY25-26,Q3,0,-323
20251013,2025-10-13,2025,Q4,10,October,Oct 2025,202510,42,Monday,1,0,1,1,Diwali,0,FY25-26,Q3,0,-322
20251014,2025-10-14,2025,Q4,10,October,Oct 2025,202510,42,Tuesday,2,0,1,1,Diwali,0,FY25-26,Q3,0,-321
20251015,2025-10-15,2025,Q4,10,October,Oct 2025,202510,42,Wednesday,3,0,1,1,Diwali,0,FY25-26,Q3,0,-320
20251016,2025-10-16,2025,Q4,10,October,Oct 2025,202510,42,Thursday,4,0,1,1,Diwali,0,FY25-26,Q3,0,-319
20251017,2025-10-17,2025,Q4,10,October,Oct 2025,202510,42,Friday,5,0,1,1,Diwali,0,FY25-26,Q3,0,-318
20251018,2025-10-18,2025,Q4,10,October,Oct 2025,202510,42,Saturday,6,1,1,1,Diwali,0,FY25-26,Q3,0,-317
20251019,2025-10-19,2025,Q4,10,October,Oct 2025,202510,42,Sunday,7,1,1,1,Diwali,0,FY25-26,Q3,0,-316
20251020,2025-10-20,2025,Q4,10,October,Oct 2025,202510,43,Monday,1,0,1,1,Deepavali,0,FY25-26,Q3,1,-315
20251021,2025-10-21,2025,Q4,10,October,Oct 2025,202510,43,Tuesday,2,0,1,1,Diwali,0,FY25-26,Q3,0,-314
20251022,2025-10-22,2025,Q4,10,October,Oct 2025,202510,43,Wednesday,3,0,1,1,Diwali,0,FY25-26,Q3,0,-313
20251023,2025-10-23,2025,Q4,10,October,Oct 2025,202510,43,Thursday,4,0,1,1,Diwali,0,FY25-26,Q3,0,-312
20251024,2025-10-24,2025,Q4,10,October,Oct 2025,202510,43,Friday,5,0,1,1,Diwali,0,FY25-26,Q3,0,-311
20251025,2025-10-25,2025,Q4,10,October,Oct 2025,202510,43,Saturday,6,1,1,1,Diwali,0,FY25-26,Q3,0,-310
20251026,2025-10-26,2025,Q4,10,October,Oct 2025,202510,43,Sunday,7,1,1,1,Diwali,0,FY25-26,Q3,0,-309
20251027,2025-10-27,2025,Q4,10,October,Oct 2025,202510,44,Monday,1,0,1,1,Diwali,1,FY25-26,Q3,0,-308
20251028,2025-10-28,2025,Q4,10,October,Oct 2025,202510,44,Tuesday,2,0,1,1,Diwali,1,FY25-26,Q3,0,-307
20251029,2025-10-29,2025,Q4,10,October,Oct 2025,202510,44,Wednesday,3,0,1,1,Diwali,1,FY25-26,Q3,0,-306
20251030,2025-10-30,2025,Q4,10,October,Oct 2025,202510,44,Thursday,4,0,1,1,Diwali,1,FY25-26,Q3,0,-305
20251031,2025-10-31,2025,Q4,10,October,Oct 2025,202510,44,Friday,5,0,1,1,Diwali,1,FY25-26,Q3,0,-304
20251101,2025-11-01,2025,Q4,11,November,Nov 2025,202511,44,Saturday,6,1,1,1,Kannada Rajyotsava,0,FY25-26,Q3,1,-303
20251102,2025-11-02,2025,Q4,11,November,Nov 2025,202511,44,Sunday,7,1,1,1,Diwali,0,FY25-26,Q3,0,-302
20251103,2025-11-03,2025,Q4,11,November,Nov 2025,202511,45,Monday,1,0,1,1,Diwali,0,FY25-26,Q3,0,-301
20251104,2025-11-04,2025,Q4,11,November,Nov 2025,202511,45,Tuesday,2,0,1,1,Diwali,0,FY25-26,Q3,0,-300
20251105,2025-11-05,2025,Q4,11,November,Nov 2025,202511,45,Wednesday,3,0,1,1,Diwali,0,FY25-26,Q3,0,-299
20251106,2025-11-06,2025,Q4,11,November,Nov 2025,202511,45,Thursday,4,0,1,0,,0,FY25-26,Q3,0,-298
20251107,2025-11-07,2025,Q4,11,November,Nov 2025,202511,45,Friday,5,0,1,0,,0,FY25-26,Q3,0,-297
20251108,2025-11-08,2025,Q4,11,November,Nov 2025,202511,45,Saturday,6,1,1,0,,0,FY25-26,Q3,0,-296
20251109,2025-11-09,2025,Q4,11,November,Nov 2025,202511,45,Sunday,7,1,1,0,,0,FY25-26,Q3,0,-295
20251110,2025-11-10,2025,Q4,11,November,Nov 2025,202511,46,Monday,1,0,1,0,,0,FY25-26,Q3,0,-294
20251111,2025-11-11,2025,Q4,11,November,Nov 2025,202511,46,Tuesday,2,0,1,0,,0,FY25-26,Q3,0,-293
20251112,2025-11-12,2025,Q4,11,November,Nov 2025,202511,46,Wednesday,3,0,1,0,,0,FY25-26,Q3,0,-292
20251113,2025-11-13,2025,Q4,11,November,Nov 2025,202511,46,Thursday,4,0,1,0,,0,FY25-26,Q3,0,-291
20251114,2025-11-14,2025,Q4,11,November,Nov 2025,202511,46,Friday,5,0,1,0,,0,FY25-26,Q3,0,-290
20251115,2025-11-15,2025,Q4,11,November,Nov 2025,202511,46,Saturday,6,1,1,0,,0,FY25-26,Q3,0,-289
20251116,2025-11-16,2025,Q4,11,November,Nov 2025,202511,46,Sunday,7,1,1,0,,0,FY25-26,Q3,0,-288
20251117,2025-11-17,2025,Q4,11,November,Nov 2025,202511,47,Monday,1,0,1,0,,0,FY25-26,Q3,0,-287
20251118,2025-11-18,2025,Q4,11,November,Nov 2025,202511,47,Tuesday,2,0,1,0,,0,FY25-26,Q3,0,-286
20251119,2025-11-19,2025,Q4,11,November,Nov 2025,202511,47,Wednesday,3,0,1,0,,0,FY25-26,Q3,0,-285
20251120,2025-11-20,2025,Q4,11,November,Nov 2025,202511,47,Thursday,4,0,1,0,,0,FY25-26,Q3,0,-284
20251121,2025-11-21,2025,Q4,11,November,Nov 2025,202511,47,Friday,5,0,0,0,,0,FY25-26,Q3,0,-283
20251122,2025-11-22,2025,Q4,11,November,Nov 2025,202511,47,Saturday,6,1,0,0,,0,FY25-26,Q3,0,-282
20251123,2025-11-23,2025,Q4,11,November,Nov 2025,202511,47,Sunday,7,1,0,0,,0,FY25-26,Q3,0,-281
20251124,2025-11-24,2025,Q4,11,November,Nov 2025,202511,48,Monday,1,0,0,0,,0,FY25-26,Q3,0,-280
20251125,2025-11-25,2025,Q4,11,November,Nov 2025,202511,48,Tuesday,2,0,0,0,,0,FY25-26,Q3,0,-279
20251126,2025-11-26,2025,Q4,11,November,Nov 2025,202511,48,Wednesday,3,0,0,0,,1,FY25-26,Q3,0,-278
20251127,2025-11-27,2025,Q4,11,November,Nov 2025,202511,48,Thursday,4,0,0,0,,1,FY25-26,Q3,0,-277
20251128,2025-11-28,2025,Q4,11,November,Nov 2025,202511,48,Friday,5,0,0,0,,1,FY25-26,Q3,0,-276
20251129,2025-11-29,2025,Q4,11,November,Nov 2025,202511,48,Saturday,6,1,0,0,,1,FY25-26,Q3,0,-275
20251130,2025-11-30,2025,Q4,11,November,Nov 2025,202511,48,Sunday,7,1,0,0,,1,FY25-26,Q3,0,-274
20251201,2025-12-01,2025,Q4,12,December,Dec 2025,202512,49,Monday,1,0,0,0,,0,FY25-26,Q3,0,-273
20251202,2025-12-02,2025,Q4,12,December,Dec 2025,202512,49,Tuesday,2,0,0,0,,0,FY25-26,Q3,0,-272
20251203,2025-12-03,2025,Q4,12,December,Dec 2025,202512,49,Wednesday,3,0,0,0,,0,FY25-26,Q3,0,-271
20251204,2025-12-04,2025,Q4,12,December,Dec 2025,202512,49,Thursday,4,0,0,0,,0,FY25-26,Q3,0,-270
20251205,2025-12-05,2025,Q4,12,December,Dec 2025,202512,49,Friday,5,0,0,0,,0,FY25-26,Q3,0,-269
20251206,2025-12-06,2025,Q4,12,December,Dec 2025,202512,49,Saturday,6,1,0,0,,0,FY25-26,Q3,0,-268
20251207,2025-12-07,2025,Q4,12,December,Dec 2025,202512,49,Sunday,7,1,0,0,,0,FY25-26,Q3,0,-267
20251208,2025-12-08,2025,Q4,12,December,Dec 2025,202512,50,Monday,1,0,0,0,,0,FY25-26,Q3,0,-266
20251209,2025-12-09,2025,Q4,12,December,Dec 2025,202512,50,Tuesday,2,0,0,0,,0,FY25-26,Q3,0,-265
20251210,2025-12-10,2025,Q4,12,December,Dec 2025,202512,50,Wednesday,3,0,0,0,,0,FY25-26,Q3,0,-264
20251211,2025-12-11,2025,Q4,12,December,Dec 2025,202512,50,Thursday,4,0,0,0,,0,FY25-26,Q3,0,-263
20251212,2025-12-12,2025,Q4,12,December,Dec 2025,202512,50,Friday,5,0,0,0,,0,FY25-26,Q3,0,-262
20251213,2025-12-13,2025,Q4,12,December,Dec 2025,202512,50,Saturday,6,1,0,0,,0,FY25-26,Q3,0,-261
20251214,2025-12-14,2025,Q4,12,December,Dec 2025,202512,50,Sunday,7,1,0,0,,0,FY25-26,Q3,0,-260
20251215,2025-12-15,2025,Q4,12,December,Dec 2025,202512,51,Monday,1,0,0,0,,0,FY25-26,Q3,0,-259
20251216,2025-12-16,2025,Q4,12,December,Dec 2025,202512,51,Tuesday,2,0,0,0,,0,FY25-26,Q3,0,-258
20251217,2025-12-17,2025,Q4,12,December,Dec 2025,202512,51,Wednesday,3,0,0,0,,0,FY25-26,Q3,0,-257
20251218,2025-12-18,2025,Q4,12,December,Dec 2025,202512,51,Thursday,4,0,0,0,,0,FY25-26,Q3,0,-256
20251219,2025-12-19,2025,Q4,12,December,Dec 2025,202512,51,Friday,5,0,0,0,,0,FY25-26,Q3,0,-255
20251220,2025-12-20,2025,Q4,12,December,Dec 2025,202512,51,Saturday,6,1,0,0,,0,FY25-26,Q3,0,-254
20251221,2025-12-21,2025,Q4,12,December,Dec 2025,202512,51,Sunday,7,1,0,0,,0,FY25-26,Q3,0,-253
20251222,2025-12-22,2025,Q4,12,December,Dec 2025,202512,52,Monday,1,0,0,1,Christmas and New Year,0,FY25-26,Q3,0,-252
20251223,2025-12-23,2025,Q4,12,December,Dec 2025,202512,52,Tuesday,2,0,0,1,Christmas and New Year,0,FY25-26,Q3,0,-251
20251224,2025-12-24,2025,Q4,12,December,Dec 2025,202512,52,Wednesday,3,0,0,1,Christmas and New Year,0,FY25-26,Q3,0,-250
20251225,2025-12-25,2025,Q4,12,December,Dec 2025,202512,52,Thursday,4,0,0,1,Christmas,0,FY25-26,Q3,1,-249
20251226,2025-12-26,2025,Q4,12,December,Dec 2025,202512,52,Friday,5,0,0,1,Christmas and New Year,0,FY25-26,Q3,0,-248
20251227,2025-12-27,2025,Q4,12,December,Dec 2025,202512,52,Saturday,6,1,0,1,Christmas and New Year,1,FY25-26,Q3,0,-247
20251228,2025-12-28,2025,Q4,12,December,Dec 2025,202512,52,Sunday,7,1,0,1,Christmas and New Year,1,FY25-26,Q3,0,-246
20251229,2025-12-29,2025,Q4,12,December,Dec 2025,202512,1,Monday,1,0,0,1,Christmas and New Year,1,FY25-26,Q3,0,-245
20251230,2025-12-30,2025,Q4,12,December,Dec 2025,202512,1,Tuesday,2,0,0,1,Christmas and New Year,1,FY25-26,Q3,0,-244
20251231,2025-12-31,2025,Q4,12,December,Dec 2025,202512,1,Wednesday,3,0,0,1,Christmas and New Year,1,FY25-26,Q3,0,-243
20260101,2026-01-01,2026,Q1,1,January,Jan 2026,202601,1,Thursday,4,0,0,0,New Year Day,0,FY25-26,Q4,1,-242
20260102,2026-01-02,2026,Q1,1,January,Jan 2026,202601,1,Friday,5,0,0,0,,0,FY25-26,Q4,0,-241
20260103,2026-01-03,2026,Q1,1,January,Jan 2026,202601,1,Saturday,6,1,0,0,,0,FY25-26,Q4,0,-240
20260104,2026-01-04,2026,Q1,1,January,Jan 2026,202601,1,Sunday,7,1,0,0,,0,FY25-26,Q4,0,-239
20260105,2026-01-05,2026,Q1,1,January,Jan 2026,202601,2,Monday,1,0,0,0,,0,FY25-26,Q4,0,-238
20260106,2026-01-06,2026,Q1,1,January,Jan 2026,202601,2,Tuesday,2,0,0,0,,0,FY25-26,Q4,0,-237
20260107,2026-01-07,2026,Q1,1,January,Jan 2026,202601,2,Wednesday,3,0,0,0,,0,FY25-26,Q4,0,-236
20260108,2026-01-08,2026,Q1,1,January,Jan 2026,202601,2,Thursday,4,0,0,0,,0,FY25-26,Q4,0,-235
20260109,2026-01-09,2026,Q1,1,January,Jan 2026,202601,2,Friday,5,0,0,0,,0,FY25-26,Q4,0,-234
20260110,2026-01-10,2026,Q1,1,January,Jan 2026,202601,2,Saturday,6,1,0,1,Sankranti,0,FY25-26,Q4,0,-233
20260111,2026-01-11,2026,Q1,1,January,Jan 2026,202601,2,Sunday,7,1,0,1,Sankranti,0,FY25-26,Q4,0,-232
20260112,2026-01-12,2026,Q1,1,January,Jan 2026,202601,3,Monday,1,0,0,1,Sankranti,0,FY25-26,Q4,0,-231
20260113,2026-01-13,2026,Q1,1,January,Jan 2026,202601,3,Tuesday,2,0,0,1,Sankranti,0,FY25-26,Q4,0,-230
20260114,2026-01-14,2026,Q1,1,January,Jan 2026,202601,3,Wednesday,3,0,0,1,Makar Sankranti,0,FY25-26,Q4,1,-229
20260115,2026-01-15,2026,Q1,1,January,Jan 2026,202601,3,Thursday,4,0,0,1,Sankranti,0,FY25-26,Q4,0,-228
20260116,2026-01-16,2026,Q1,1,January,Jan 2026,202601,3,Friday,5,0,0,1,Sankranti,0,FY25-26,Q4,0,-227
20260117,2026-01-17,2026,Q1,1,January,Jan 2026,202601,3,Saturday,6,1,0,1,Sankranti,0,FY25-26,Q4,0,-226
20260118,2026-01-18,2026,Q1,1,January,Jan 2026,202601,3,Sunday,7,1,0,0,,0,FY25-26,Q4,0,-225
20260119,2026-01-19,2026,Q1,1,January,Jan 2026,202601,4,Monday,1,0,0,0,,0,FY25-26,Q4,0,-224
20260120,2026-01-20,2026,Q1,1,January,Jan 2026,202601,4,Tuesday,2,0,0,0,,0,FY25-26,Q4,0,-223
20260121,2026-01-21,2026,Q1,1,January,Jan 2026,202601,4,Wednesday,3,0,0,0,,0,FY25-26,Q4,0,-222
20260122,2026-01-22,2026,Q1,1,January,Jan 2026,202601,4,Thursday,4,0,0,0,,0,FY25-26,Q4,0,-221
20260123,2026-01-23,2026,Q1,1,January,Jan 2026,202601,4,Friday,5,0,0,0,,0,FY25-26,Q4,0,-220
20260124,2026-01-24,2026,Q1,1,January,Jan 2026,202601,4,Saturday,6,1,0,0,,0,FY25-26,Q4,0,-219
20260125,2026-01-25,2026,Q1,1,January,Jan 2026,202601,4,Sunday,7,1,0,0,,0,FY25-26,Q4,0,-218
20260126,2026-01-26,2026,Q1,1,January,Jan 2026,202601,5,Monday,1,0,0,0,Republic Day,0,FY25-26,Q4,1,-217
20260127,2026-01-27,2026,Q1,1,January,Jan 2026,202601,5,Tuesday,2,0,0,0,,1,FY25-26,Q4,0,-216
20260128,2026-01-28,2026,Q1,1,January,Jan 2026,202601,5,Wednesday,3,0,0,0,,1,FY25-26,Q4,0,-215
20260129,2026-01-29,2026,Q1,1,January,Jan 2026,202601,5,Thursday,4,0,0,0,,1,FY25-26,Q4,0,-214
20260130,2026-01-30,2026,Q1,1,January,Jan 2026,202601,5,Friday,5,0,0,0,,1,FY25-26,Q4,0,-213
20260131,2026-01-31,2026,Q1,1,January,Jan 2026,202601,5,Saturday,6,1,0,0,,1,FY25-26,Q4,0,-212
20260201,2026-02-01,2026,Q1,2,February,Feb 2026,202602,5,Sunday,7,1,0,0,,0,FY25-26,Q4,0,-211
20260202,2026-02-02,2026,Q1,2,February,Feb 2026,202602,6,Monday,1,0,0,0,,0,FY25-26,Q4,0,-210
20260203,2026-02-03,2026,Q1,2,February,Feb 2026,202602,6,Tuesday,2,0,0,0,,0,FY25-26,Q4,0,-209
20260204,2026-02-04,2026,Q1,2,February,Feb 2026,202602,6,Wednesday,3,0,0,0,,0,FY25-26,Q4,0,-208
20260205,2026-02-05,2026,Q1,2,February,Feb 2026,202602,6,Thursday,4,0,0,0,,0,FY25-26,Q4,0,-207
20260206,2026-02-06,2026,Q1,2,February,Feb 2026,202602,6,Friday,5,0,0,0,,0,FY25-26,Q4,0,-206
20260207,2026-02-07,2026,Q1,2,February,Feb 2026,202602,6,Saturday,6,1,0,0,,0,FY25-26,Q4,0,-205
20260208,2026-02-08,2026,Q1,2,February,Feb 2026,202602,6,Sunday,7,1,0,0,,0,FY25-26,Q4,0,-204
20260209,2026-02-09,2026,Q1,2,February,Feb 2026,202602,7,Monday,1,0,0,0,,0,FY25-26,Q4,0,-203
20260210,2026-02-10,2026,Q1,2,February,Feb 2026,202602,7,Tuesday,2,0,0,0,,0,FY25-26,Q4,0,-202
20260211,2026-02-11,2026,Q1,2,February,Feb 2026,202602,7,Wednesday,3,0,0,0,,0,FY25-26,Q4,0,-201
20260212,2026-02-12,2026,Q1,2,February,Feb 2026,202602,7,Thursday,4,0,0,0,,0,FY25-26,Q4,0,-200
20260213,2026-02-13,2026,Q1,2,February,Feb 2026,202602,7,Friday,5,0,0,0,,0,FY25-26,Q4,0,-199
20260214,2026-02-14,2026,Q1,2,February,Feb 2026,202602,7,Saturday,6,1,0,0,,0,FY25-26,Q4,0,-198
20260215,2026-02-15,2026,Q1,2,February,Feb 2026,202602,7,Sunday,7,1,0,0,Maha Shivaratri,0,FY25-26,Q4,1,-197
20260216,2026-02-16,2026,Q1,2,February,Feb 2026,202602,8,Monday,1,0,0,0,,0,FY25-26,Q4,0,-196
20260217,2026-02-17,2026,Q1,2,February,Feb 2026,202602,8,Tuesday,2,0,0,0,,0,FY25-26,Q4,0,-195
20260218,2026-02-18,2026,Q1,2,February,Feb 2026,202602,8,Wednesday,3,0,0,0,,0,FY25-26,Q4,0,-194
20260219,2026-02-19,2026,Q1,2,February,Feb 2026,202602,8,Thursday,4,0,0,0,,0,FY25-26,Q4,0,-193
20260220,2026-02-20,2026,Q1,2,February,Feb 2026,202602,8,Friday,5,0,0,0,,0,FY25-26,Q4,0,-192
20260221,2026-02-21,2026,Q1,2,February,Feb 2026,202602,8,Saturday,6,1,0,0,,0,FY25-26,Q4,0,-191
20260222,2026-02-22,2026,Q1,2,February,Feb 2026,202602,8,Sunday,7,1,0,0,,0,FY25-26,Q4,0,-190
20260223,2026-02-23,2026,Q1,2,February,Feb 2026,202602,9,Monday,1,0,0,0,,0,FY25-26,Q4,0,-189
20260224,2026-02-24,2026,Q1,2,February,Feb 2026,202602,9,Tuesday,2,0,0,0,,1,FY25-26,Q4,0,-188
20260225,2026-02-25,2026,Q1,2,February,Feb 2026,202602,9,Wednesday,3,0,0,0,,1,FY25-26,Q4,0,-187
20260226,2026-02-26,2026,Q1,2,February,Feb 2026,202602,9,Thursday,4,0,0,0,,1,FY25-26,Q4,0,-186
20260227,2026-02-27,2026,Q1,2,February,Feb 2026,202602,9,Friday,5,0,0,0,,1,FY25-26,Q4,0,-185
20260228,2026-02-28,2026,Q1,2,February,Feb 2026,202602,9,Saturday,6,1,0,0,,1,FY25-26,Q4,0,-184
20260301,2026-03-01,2026,Q1,3,March,Mar 2026,202603,9,Sunday,7,1,0,0,,0,FY25-26,Q4,0,-183
20260302,2026-03-02,2026,Q1,3,March,Mar 2026,202603,10,Monday,1,0,0,0,,0,FY25-26,Q4,0,-182
20260303,2026-03-03,2026,Q1,3,March,Mar 2026,202603,10,Tuesday,2,0,0,0,,0,FY25-26,Q4,0,-181
20260304,2026-03-04,2026,Q1,3,March,Mar 2026,202603,10,Wednesday,3,0,0,0,,0,FY25-26,Q4,0,-180
20260305,2026-03-05,2026,Q1,3,March,Mar 2026,202603,10,Thursday,4,0,0,0,,0,FY25-26,Q4,0,-179
20260306,2026-03-06,2026,Q1,3,March,Mar 2026,202603,10,Friday,5,0,0,0,,0,FY25-26,Q4,0,-178
20260307,2026-03-07,2026,Q1,3,March,Mar 2026,202603,10,Saturday,6,1,0,0,,0,FY25-26,Q4,0,-177
20260308,2026-03-08,2026,Q1,3,March,Mar 2026,202603,10,Sunday,7,1,0,0,,0,FY25-26,Q4,0,-176
20260309,2026-03-09,2026,Q1,3,March,Mar 2026,202603,11,Monday,1,0,0,0,,0,FY25-26,Q4,0,-175
20260310,2026-03-10,2026,Q1,3,March,Mar 2026,202603,11,Tuesday,2,0,0,0,,0,FY25-26,Q4,0,-174
20260311,2026-03-11,2026,Q1,3,March,Mar 2026,202603,11,Wednesday,3,0,0,0,,0,FY25-26,Q4,0,-173
20260312,2026-03-12,2026,Q1,3,March,Mar 2026,202603,11,Thursday,4,0,0,0,,0,FY25-26,Q4,0,-172
20260313,2026-03-13,2026,Q1,3,March,Mar 2026,202603,11,Friday,5,0,0,0,,0,FY25-26,Q4,0,-171
20260314,2026-03-14,2026,Q1,3,March,Mar 2026,202603,11,Saturday,6,1,0,0,,0,FY25-26,Q4,0,-170
20260315,2026-03-15,2026,Q1,3,March,Mar 2026,202603,11,Sunday,7,1,0,1,Ugadi,0,FY25-26,Q4,0,-169
20260316,2026-03-16,2026,Q1,3,March,Mar 2026,202603,12,Monday,1,0,0,1,Ugadi,0,FY25-26,Q4,0,-168
20260317,2026-03-17,2026,Q1,3,March,Mar 2026,202603,12,Tuesday,2,0,0,1,Ugadi,0,FY25-26,Q4,0,-167
20260318,2026-03-18,2026,Q1,3,March,Mar 2026,202603,12,Wednesday,3,0,0,1,Ugadi,0,FY25-26,Q4,0,-166
20260319,2026-03-19,2026,Q1,3,March,Mar 2026,202603,12,Thursday,4,0,0,1,Ugadi,0,FY25-26,Q4,1,-165
20260320,2026-03-20,2026,Q1,3,March,Mar 2026,202603,12,Friday,5,0,0,1,Ugadi,0,FY25-26,Q4,0,-164
20260321,2026-03-21,2026,Q1,3,March,Mar 2026,202603,12,Saturday,6,1,0,1,Ramzan,0,FY25-26,Q4,1,-163
20260322,2026-03-22,2026,Q1,3,March,Mar 2026,202603,12,Sunday,7,1,0,1,Ugadi,0,FY25-26,Q4,0,-162
20260323,2026-03-23,2026,Q1,3,March,Mar 2026,202603,13,Monday,1,0,0,1,Ugadi,0,FY25-26,Q4,0,-161
20260324,2026-03-24,2026,Q1,3,March,Mar 2026,202603,13,Tuesday,2,0,0,1,Ugadi,0,FY25-26,Q4,0,-160
20260325,2026-03-25,2026,Q1,3,March,Mar 2026,202603,13,Wednesday,3,0,0,1,Ugadi,0,FY25-26,Q4,0,-159
20260326,2026-03-26,2026,Q1,3,March,Mar 2026,202603,13,Thursday,4,0,0,1,Ugadi,0,FY25-26,Q4,0,-158
20260327,2026-03-27,2026,Q1,3,March,Mar 2026,202603,13,Friday,5,0,0,1,Ram Navami,1,FY25-26,Q4,1,-157
20260328,2026-03-28,2026,Q1,3,March,Mar 2026,202603,13,Saturday,6,1,0,1,Ugadi,1,FY25-26,Q4,0,-156
20260329,2026-03-29,2026,Q1,3,March,Mar 2026,202603,13,Sunday,7,1,0,1,Ugadi,1,FY25-26,Q4,0,-155
20260330,2026-03-30,2026,Q1,3,March,Mar 2026,202603,14,Monday,1,0,0,1,Ugadi,1,FY25-26,Q4,0,-154
20260331,2026-03-31,2026,Q1,3,March,Mar 2026,202603,14,Tuesday,2,0,0,1,Ugadi,1,FY25-26,Q4,0,-153
20260401,2026-04-01,2026,Q2,4,April,Apr 2026,202604,14,Wednesday,3,0,0,1,Ugadi,0,FY26-27,Q1,0,-152
20260402,2026-04-02,2026,Q2,4,April,Apr 2026,202604,14,Thursday,4,0,0,1,Ugadi,0,FY26-27,Q1,0,-151
20260403,2026-04-03,2026,Q2,4,April,Apr 2026,202604,14,Friday,5,0,0,1,Good Friday,0,FY26-27,Q1,1,-150
20260404,2026-04-04,2026,Q2,4,April,Apr 2026,202604,14,Saturday,6,1,0,1,Ugadi,0,FY26-27,Q1,0,-149
20260405,2026-04-05,2026,Q2,4,April,Apr 2026,202604,14,Sunday,7,1,0,1,Ugadi,0,FY26-27,Q1,0,-148
20260406,2026-04-06,2026,Q2,4,April,Apr 2026,202604,15,Monday,1,0,0,0,,0,FY26-27,Q1,0,-147
20260407,2026-04-07,2026,Q2,4,April,Apr 2026,202604,15,Tuesday,2,0,0,0,,0,FY26-27,Q1,0,-146
20260408,2026-04-08,2026,Q2,4,April,Apr 2026,202604,15,Wednesday,3,0,0,0,,0,FY26-27,Q1,0,-145
20260409,2026-04-09,2026,Q2,4,April,Apr 2026,202604,15,Thursday,4,0,0,0,,0,FY26-27,Q1,0,-144
20260410,2026-04-10,2026,Q2,4,April,Apr 2026,202604,15,Friday,5,0,0,0,,0,FY26-27,Q1,0,-143
20260411,2026-04-11,2026,Q2,4,April,Apr 2026,202604,15,Saturday,6,1,0,0,,0,FY26-27,Q1,0,-142
20260412,2026-04-12,2026,Q2,4,April,Apr 2026,202604,15,Sunday,7,1,0,0,,0,FY26-27,Q1,0,-141
20260413,2026-04-13,2026,Q2,4,April,Apr 2026,202604,16,Monday,1,0,0,0,,0,FY26-27,Q1,0,-140
20260414,2026-04-14,2026,Q2,4,April,Apr 2026,202604,16,Tuesday,2,0,0,0,,0,FY26-27,Q1,0,-139
20260415,2026-04-15,2026,Q2,4,April,Apr 2026,202604,16,Wednesday,3,0,0,0,,0,FY26-27,Q1,0,-138
20260416,2026-04-16,2026,Q2,4,April,Apr 2026,202604,16,Thursday,4,0,0,0,,0,FY26-27,Q1,0,-137
20260417,2026-04-17,2026,Q2,4,April,Apr 2026,202604,16,Friday,5,0,0,0,,0,FY26-27,Q1,0,-136
20260418,2026-04-18,2026,Q2,4,April,Apr 2026,202604,16,Saturday,6,1,0,0,,0,FY26-27,Q1,0,-135
20260419,2026-04-19,2026,Q2,4,April,Apr 2026,202604,16,Sunday,7,1,0,0,,0,FY26-27,Q1,0,-134
20260420,2026-04-20,2026,Q2,4,April,Apr 2026,202604,17,Monday,1,0,0,0,,0,FY26-27,Q1,0,-133
20260421,2026-04-21,2026,Q2,4,April,Apr 2026,202604,17,Tuesday,2,0,0,0,,0,FY26-27,Q1,0,-132
20260422,2026-04-22,2026,Q2,4,April,Apr 2026,202604,17,Wednesday,3,0,0,0,,0,FY26-27,Q1,0,-131
20260423,2026-04-23,2026,Q2,4,April,Apr 2026,202604,17,Thursday,4,0,0,0,,0,FY26-27,Q1,0,-130
20260424,2026-04-24,2026,Q2,4,April,Apr 2026,202604,17,Friday,5,0,0,0,,0,FY26-27,Q1,0,-129
20260425,2026-04-25,2026,Q2,4,April,Apr 2026,202604,17,Saturday,6,1,0,0,,0,FY26-27,Q1,0,-128
20260426,2026-04-26,2026,Q2,4,April,Apr 2026,202604,17,Sunday,7,1,0,0,,1,FY26-27,Q1,0,-127
20260427,2026-04-27,2026,Q2,4,April,Apr 2026,202604,18,Monday,1,0,0,0,,1,FY26-27,Q1,0,-126
20260428,2026-04-28,2026,Q2,4,April,Apr 2026,202604,18,Tuesday,2,0,0,0,,1,FY26-27,Q1,0,-125
20260429,2026-04-29,2026,Q2,4,April,Apr 2026,202604,18,Wednesday,3,0,0,0,,1,FY26-27,Q1,0,-124
20260430,2026-04-30,2026,Q2,4,April,Apr 2026,202604,18,Thursday,4,0,0,0,,1,FY26-27,Q1,0,-123
20260501,2026-05-01,2026,Q2,5,May,May 2026,202605,18,Friday,5,0,0,0,May Day,0,FY26-27,Q1,1,-122
20260502,2026-05-02,2026,Q2,5,May,May 2026,202605,18,Saturday,6,1,0,0,,0,FY26-27,Q1,0,-121
20260503,2026-05-03,2026,Q2,5,May,May 2026,202605,18,Sunday,7,1,0,0,,0,FY26-27,Q1,0,-120
20260504,2026-05-04,2026,Q2,5,May,May 2026,202605,19,Monday,1,0,0,0,,0,FY26-27,Q1,0,-119
20260505,2026-05-05,2026,Q2,5,May,May 2026,202605,19,Tuesday,2,0,0,0,,0,FY26-27,Q1,0,-118
20260506,2026-05-06,2026,Q2,5,May,May 2026,202605,19,Wednesday,3,0,0,0,,0,FY26-27,Q1,0,-117
20260507,2026-05-07,2026,Q2,5,May,May 2026,202605,19,Thursday,4,0,0,0,,0,FY26-27,Q1,0,-116
20260508,2026-05-08,2026,Q2,5,May,May 2026,202605,19,Friday,5,0,0,0,,0,FY26-27,Q1,0,-115
20260509,2026-05-09,2026,Q2,5,May,May 2026,202605,19,Saturday,6,1,0,0,,0,FY26-27,Q1,0,-114
20260510,2026-05-10,2026,Q2,5,May,May 2026,202605,19,Sunday,7,1,0,0,,0,FY26-27,Q1,0,-113
20260511,2026-05-11,2026,Q2,5,May,May 2026,202605,20,Monday,1,0,0,0,,0,FY26-27,Q1,0,-112
20260512,2026-05-12,2026,Q2,5,May,May 2026,202605,20,Tuesday,2,0,0,0,,0,FY26-27,Q1,0,-111
20260513,2026-05-13,2026,Q2,5,May,May 2026,202605,20,Wednesday,3,0,0,0,,0,FY26-27,Q1,0,-110
20260514,2026-05-14,2026,Q2,5,May,May 2026,202605,20,Thursday,4,0,0,0,,0,FY26-27,Q1,0,-109
20260515,2026-05-15,2026,Q2,5,May,May 2026,202605,20,Friday,5,0,0,0,,0,FY26-27,Q1,0,-108
20260516,2026-05-16,2026,Q2,5,May,May 2026,202605,20,Saturday,6,1,0,0,,0,FY26-27,Q1,0,-107
20260517,2026-05-17,2026,Q2,5,May,May 2026,202605,20,Sunday,7,1,0,0,,0,FY26-27,Q1,0,-106
20260518,2026-05-18,2026,Q2,5,May,May 2026,202605,21,Monday,1,0,0,0,,0,FY26-27,Q1,0,-105
20260519,2026-05-19,2026,Q2,5,May,May 2026,202605,21,Tuesday,2,0,0,0,,0,FY26-27,Q1,0,-104
20260520,2026-05-20,2026,Q2,5,May,May 2026,202605,21,Wednesday,3,0,0,0,,0,FY26-27,Q1,0,-103
20260521,2026-05-21,2026,Q2,5,May,May 2026,202605,21,Thursday,4,0,0,0,,0,FY26-27,Q1,0,-102
20260522,2026-05-22,2026,Q2,5,May,May 2026,202605,21,Friday,5,0,0,0,,0,FY26-27,Q1,0,-101
20260523,2026-05-23,2026,Q2,5,May,May 2026,202605,21,Saturday,6,1,0,0,,0,FY26-27,Q1,0,-100
20260524,2026-05-24,2026,Q2,5,May,May 2026,202605,21,Sunday,7,1,0,0,,0,FY26-27,Q1,0,-99
20260525,2026-05-25,2026,Q2,5,May,May 2026,202605,22,Monday,1,0,0,0,,0,FY26-27,Q1,0,-98
20260526,2026-05-26,2026,Q2,5,May,May 2026,202605,22,Tuesday,2,0,0,0,,0,FY26-27,Q1,0,-97
20260527,2026-05-27,2026,Q2,5,May,May 2026,202605,22,Wednesday,3,0,0,0,Bakrid,1,FY26-27,Q1,1,-96
20260528,2026-05-28,2026,Q2,5,May,May 2026,202605,22,Thursday,4,0,0,0,,1,FY26-27,Q1,0,-95
20260529,2026-05-29,2026,Q2,5,May,May 2026,202605,22,Friday,5,0,0,0,,1,FY26-27,Q1,0,-94
20260530,2026-05-30,2026,Q2,5,May,May 2026,202605,22,Saturday,6,1,0,0,,1,FY26-27,Q1,0,-93
20260531,2026-05-31,2026,Q2,5,May,May 2026,202605,22,Sunday,7,1,0,0,,1,FY26-27,Q1,0,-92
20260601,2026-06-01,2026,Q2,6,June,Jun 2026,202606,23,Monday,1,0,1,0,,0,FY26-27,Q1,0,-91
20260602,2026-06-02,2026,Q2,6,June,Jun 2026,202606,23,Tuesday,2,0,1,0,,0,FY26-27,Q1,0,-90
20260603,2026-06-03,2026,Q2,6,June,Jun 2026,202606,23,Wednesday,3,0,1,0,,0,FY26-27,Q1,0,-89
20260604,2026-06-04,2026,Q2,6,June,Jun 2026,202606,23,Thursday,4,0,1,0,,0,FY26-27,Q1,0,-88
20260605,2026-06-05,2026,Q2,6,June,Jun 2026,202606,23,Friday,5,0,1,0,,0,FY26-27,Q1,0,-87
20260606,2026-06-06,2026,Q2,6,June,Jun 2026,202606,23,Saturday,6,1,1,0,,0,FY26-27,Q1,0,-86
20260607,2026-06-07,2026,Q2,6,June,Jun 2026,202606,23,Sunday,7,1,1,0,,0,FY26-27,Q1,0,-85
20260608,2026-06-08,2026,Q2,6,June,Jun 2026,202606,24,Monday,1,0,1,0,,0,FY26-27,Q1,0,-84
20260609,2026-06-09,2026,Q2,6,June,Jun 2026,202606,24,Tuesday,2,0,1,0,,0,FY26-27,Q1,0,-83
20260610,2026-06-10,2026,Q2,6,June,Jun 2026,202606,24,Wednesday,3,0,1,0,,0,FY26-27,Q1,0,-82
20260611,2026-06-11,2026,Q2,6,June,Jun 2026,202606,24,Thursday,4,0,1,0,,0,FY26-27,Q1,0,-81
20260612,2026-06-12,2026,Q2,6,June,Jun 2026,202606,24,Friday,5,0,1,0,,0,FY26-27,Q1,0,-80
20260613,2026-06-13,2026,Q2,6,June,Jun 2026,202606,24,Saturday,6,1,1,0,,0,FY26-27,Q1,0,-79
20260614,2026-06-14,2026,Q2,6,June,Jun 2026,202606,24,Sunday,7,1,1,0,,0,FY26-27,Q1,0,-78
20260615,2026-06-15,2026,Q2,6,June,Jun 2026,202606,25,Monday,1,0,1,0,,0,FY26-27,Q1,0,-77
20260616,2026-06-16,2026,Q2,6,June,Jun 2026,202606,25,Tuesday,2,0,1,0,,0,FY26-27,Q1,0,-76
20260617,2026-06-17,2026,Q2,6,June,Jun 2026,202606,25,Wednesday,3,0,1,0,,0,FY26-27,Q1,0,-75
20260618,2026-06-18,2026,Q2,6,June,Jun 2026,202606,25,Thursday,4,0,1,0,,0,FY26-27,Q1,0,-74
20260619,2026-06-19,2026,Q2,6,June,Jun 2026,202606,25,Friday,5,0,1,0,,0,FY26-27,Q1,0,-73
20260620,2026-06-20,2026,Q2,6,June,Jun 2026,202606,25,Saturday,6,1,1,0,,0,FY26-27,Q1,0,-72
20260621,2026-06-21,2026,Q2,6,June,Jun 2026,202606,25,Sunday,7,1,1,0,,0,FY26-27,Q1,0,-71
20260622,2026-06-22,2026,Q2,6,June,Jun 2026,202606,26,Monday,1,0,1,0,,0,FY26-27,Q1,0,-70
20260623,2026-06-23,2026,Q2,6,June,Jun 2026,202606,26,Tuesday,2,0,1,0,,0,FY26-27,Q1,0,-69
20260624,2026-06-24,2026,Q2,6,June,Jun 2026,202606,26,Wednesday,3,0,1,0,,0,FY26-27,Q1,0,-68
20260625,2026-06-25,2026,Q2,6,June,Jun 2026,202606,26,Thursday,4,0,1,0,,0,FY26-27,Q1,0,-67
20260626,2026-06-26,2026,Q2,6,June,Jun 2026,202606,26,Friday,5,0,1,0,,1,FY26-27,Q1,0,-66
20260627,2026-06-27,2026,Q2,6,June,Jun 2026,202606,26,Saturday,6,1,1,0,,1,FY26-27,Q1,0,-65
20260628,2026-06-28,2026,Q2,6,June,Jun 2026,202606,26,Sunday,7,1,1,0,,1,FY26-27,Q1,0,-64
20260629,2026-06-29,2026,Q2,6,June,Jun 2026,202606,27,Monday,1,0,1,0,,1,FY26-27,Q1,0,-63
20260630,2026-06-30,2026,Q2,6,June,Jun 2026,202606,27,Tuesday,2,0,1,0,,1,FY26-27,Q1,0,-62
20260701,2026-07-01,2026,Q3,7,July,Jul 2026,202607,27,Wednesday,3,0,1,0,,0,FY26-27,Q2,0,-61
20260702,2026-07-02,2026,Q3,7,July,Jul 2026,202607,27,Thursday,4,0,1,0,,0,FY26-27,Q2,0,-60
20260703,2026-07-03,2026,Q3,7,July,Jul 2026,202607,27,Friday,5,0,1,0,,0,FY26-27,Q2,0,-59
20260704,2026-07-04,2026,Q3,7,July,Jul 2026,202607,27,Saturday,6,1,1,0,,0,FY26-27,Q2,0,-58
20260705,2026-07-05,2026,Q3,7,July,Jul 2026,202607,27,Sunday,7,1,1,0,,0,FY26-27,Q2,0,-57
20260706,2026-07-06,2026,Q3,7,July,Jul 2026,202607,28,Monday,1,0,1,0,,0,FY26-27,Q2,0,-56
20260707,2026-07-07,2026,Q3,7,July,Jul 2026,202607,28,Tuesday,2,0,1,0,,0,FY26-27,Q2,0,-55
20260708,2026-07-08,2026,Q3,7,July,Jul 2026,202607,28,Wednesday,3,0,1,0,,0,FY26-27,Q2,0,-54
20260709,2026-07-09,2026,Q3,7,July,Jul 2026,202607,28,Thursday,4,0,1,0,,0,FY26-27,Q2,0,-53
20260710,2026-07-10,2026,Q3,7,July,Jul 2026,202607,28,Friday,5,0,1,0,,0,FY26-27,Q2,0,-52
20260711,2026-07-11,2026,Q3,7,July,Jul 2026,202607,28,Saturday,6,1,1,0,,0,FY26-27,Q2,0,-51
20260712,2026-07-12,2026,Q3,7,July,Jul 2026,202607,28,Sunday,7,1,1,0,,0,FY26-27,Q2,0,-50
20260713,2026-07-13,2026,Q3,7,July,Jul 2026,202607,29,Monday,1,0,1,0,,0,FY26-27,Q2,0,-49
20260714,2026-07-14,2026,Q3,7,July,Jul 2026,202607,29,Tuesday,2,0,1,0,,0,FY26-27,Q2,0,-48
20260715,2026-07-15,2026,Q3,7,July,Jul 2026,202607,29,Wednesday,3,0,1,0,,0,FY26-27,Q2,0,-47
20260716,2026-07-16,2026,Q3,7,July,Jul 2026,202607,29,Thursday,4,0,1,0,,0,FY26-27,Q2,0,-46
20260717,2026-07-17,2026,Q3,7,July,Jul 2026,202607,29,Friday,5,0,1,0,,0,FY26-27,Q2,0,-45
20260718,2026-07-18,2026,Q3,7,July,Jul 2026,202607,29,Saturday,6,1,1,0,,0,FY26-27,Q2,0,-44
20260719,2026-07-19,2026,Q3,7,July,Jul 2026,202607,29,Sunday,7,1,1,0,,0,FY26-27,Q2,0,-43
20260720,2026-07-20,2026,Q3,7,July,Jul 2026,202607,30,Monday,1,0,1,0,,0,FY26-27,Q2,0,-42
20260721,2026-07-21,2026,Q3,7,July,Jul 2026,202607,30,Tuesday,2,0,1,0,,0,FY26-27,Q2,0,-41
20260722,2026-07-22,2026,Q3,7,July,Jul 2026,202607,30,Wednesday,3,0,1,0,,0,FY26-27,Q2,0,-40
20260723,2026-07-23,2026,Q3,7,July,Jul 2026,202607,30,Thursday,4,0,1,0,,0,FY26-27,Q2,0,-39
20260724,2026-07-24,2026,Q3,7,July,Jul 2026,202607,30,Friday,5,0,1,0,,0,FY26-27,Q2,0,-38
20260725,2026-07-25,2026,Q3,7,July,Jul 2026,202607,30,Saturday,6,1,1,0,,0,FY26-27,Q2,0,-37
20260726,2026-07-26,2026,Q3,7,July,Jul 2026,202607,30,Sunday,7,1,1,0,,0,FY26-27,Q2,0,-36
20260727,2026-07-27,2026,Q3,7,July,Jul 2026,202607,31,Monday,1,0,1,0,,1,FY26-27,Q2,0,-35
20260728,2026-07-28,2026,Q3,7,July,Jul 2026,202607,31,Tuesday,2,0,1,0,,1,FY26-27,Q2,0,-34
20260729,2026-07-29,2026,Q3,7,July,Jul 2026,202607,31,Wednesday,3,0,1,0,,1,FY26-27,Q2,0,-33
20260730,2026-07-30,2026,Q3,7,July,Jul 2026,202607,31,Thursday,4,0,1,0,,1,FY26-27,Q2,0,-32
20260731,2026-07-31,2026,Q3,7,July,Jul 2026,202607,31,Friday,5,0,1,0,,1,FY26-27,Q2,0,-31
20260801,2026-08-01,2026,Q3,8,August,Aug 2026,202608,31,Saturday,6,1,1,0,,0,FY26-27,Q2,0,-30
20260802,2026-08-02,2026,Q3,8,August,Aug 2026,202608,31,Sunday,7,1,1,0,,0,FY26-27,Q2,0,-29
20260803,2026-08-03,2026,Q3,8,August,Aug 2026,202608,32,Monday,1,0,1,0,,0,FY26-27,Q2,0,-28
20260804,2026-08-04,2026,Q3,8,August,Aug 2026,202608,32,Tuesday,2,0,1,0,,0,FY26-27,Q2,0,-27
20260805,2026-08-05,2026,Q3,8,August,Aug 2026,202608,32,Wednesday,3,0,1,0,,0,FY26-27,Q2,0,-26
20260806,2026-08-06,2026,Q3,8,August,Aug 2026,202608,32,Thursday,4,0,1,0,,0,FY26-27,Q2,0,-25
20260807,2026-08-07,2026,Q3,8,August,Aug 2026,202608,32,Friday,5,0,1,0,,0,FY26-27,Q2,0,-24
20260808,2026-08-08,2026,Q3,8,August,Aug 2026,202608,32,Saturday,6,1,1,0,,0,FY26-27,Q2,0,-23
20260809,2026-08-09,2026,Q3,8,August,Aug 2026,202608,32,Sunday,7,1,1,0,,0,FY26-27,Q2,0,-22
20260810,2026-08-10,2026,Q3,8,August,Aug 2026,202608,33,Monday,1,0,1,0,,0,FY26-27,Q2,0,-21
20260811,2026-08-11,2026,Q3,8,August,Aug 2026,202608,33,Tuesday,2,0,1,0,,0,FY26-27,Q2,0,-20
20260812,2026-08-12,2026,Q3,8,August,Aug 2026,202608,33,Wednesday,3,0,1,0,,0,FY26-27,Q2,0,-19
20260813,2026-08-13,2026,Q3,8,August,Aug 2026,202608,33,Thursday,4,0,1,0,,0,FY26-27,Q2,0,-18
20260814,2026-08-14,2026,Q3,8,August,Aug 2026,202608,33,Friday,5,0,1,0,,0,FY26-27,Q2,0,-17
20260815,2026-08-15,2026,Q3,8,August,Aug 2026,202608,33,Saturday,6,1,1,0,Independence Day,0,FY26-27,Q2,1,-16
20260816,2026-08-16,2026,Q3,8,August,Aug 2026,202608,33,Sunday,7,1,1,0,,0,FY26-27,Q2,0,-15
20260817,2026-08-17,2026,Q3,8,August,Aug 2026,202608,34,Monday,1,0,1,0,,0,FY26-27,Q2,0,-14
20260818,2026-08-18,2026,Q3,8,August,Aug 2026,202608,34,Tuesday,2,0,1,0,,0,FY26-27,Q2,0,-13
20260819,2026-08-19,2026,Q3,8,August,Aug 2026,202608,34,Wednesday,3,0,1,0,,0,FY26-27,Q2,0,-12
20260820,2026-08-20,2026,Q3,8,August,Aug 2026,202608,34,Thursday,4,0,1,0,,0,FY26-27,Q2,0,-11
20260821,2026-08-21,2026,Q3,8,August,Aug 2026,202608,34,Friday,5,0,1,0,,0,FY26-27,Q2,0,-10
20260822,2026-08-22,2026,Q3,8,August,Aug 2026,202608,34,Saturday,6,1,1,0,,0,FY26-27,Q2,0,-9
20260823,2026-08-23,2026,Q3,8,August,Aug 2026,202608,34,Sunday,7,1,1,0,,0,FY26-27,Q2,0,-8
20260824,2026-08-24,2026,Q3,8,August,Aug 2026,202608,35,Monday,1,0,1,1,Ganesh Chaturthi,0,FY26-27,Q2,0,-7
20260825,2026-08-25,2026,Q3,8,August,Aug 2026,202608,35,Tuesday,2,0,1,1,Ganesh Chaturthi,0,FY26-27,Q2,0,-6
20260826,2026-08-26,2026,Q3,8,August,Aug 2026,202608,35,Wednesday,3,0,1,1,Ganesh Chaturthi,0,FY26-27,Q2,0,-5
20260827,2026-08-27,2026,Q3,8,August,Aug 2026,202608,35,Thursday,4,0,1,1,Ganesh Chaturthi,1,FY26-27,Q2,0,-4
20260828,2026-08-28,2026,Q3,8,August,Aug 2026,202608,35,Friday,5,0,1,1,Ganesh Chaturthi,1,FY26-27,Q2,0,-3
20260829,2026-08-29,2026,Q3,8,August,Aug 2026,202608,35,Saturday,6,1,1,1,Ganesh Chaturthi,1,FY26-27,Q2,0,-2
20260830,2026-08-30,2026,Q3,8,August,Aug 2026,202608,35,Sunday,7,1,1,1,Ganesh Chaturthi,1,FY26-27,Q2,0,-1
20260831,2026-08-31,2026,Q3,8,August,Aug 2026,202608,36,Monday,1,0,1,1,Ganesh Chaturthi,1,FY26-27,Q2,0,0
